Datetime,Text,TweetID,username,geo
2020-05-31 23:20:16+00:00,Even with mask aren't we have maintain 1 meter away or more from each other across the world??? So what happened to the social distancing theory?? I remember Bill Gates mentioned bioterrorism after covid19. So it's not bio....but terrorism. ğŸ¤”,1267234471180296192,ShomalaT,
2020-05-31 23:16:00+00:00,South Korea brings back social distancing measures after #coronavirus surge',1267233398700924929,ErelRosenberg,
2020-05-31 22:32:17+00:00,LOL now yall care about social distancing and wearing a mask. Have yall gotten your haircuts so you say that now? Hypocrisy at its FINEST,1267222396294987776,deeveedee__,
2020-05-31 22:00:54+00:00,Coronavirus oi. Social distancing oi. Why still hug hug. Hah. Jk ,1267214497736843264,cockporn,
2020-05-31 19:02:14+00:00,Kanan we shouldn't go to the beach we need to maintain social distancing. ,1267169536349888512,SirDysthymia,
2020-05-31 17:28:15+00:00,Social distancing bruhhhhhhhhh ,1267145883772043264,Foochau,
2020-05-31 16:34:32+00:00,Heheheh sure will!! You too!! Stay safe stay home . Jangan merayap rayap hahahahah ğŸ˜‚ğŸ˜‚ğŸ˜‚ tapiiii social distancing kat kitchen macam susah aaaa hahahahah,1267132363135315970,azraeiaie,
2020-05-31 16:18:24+00:00,chey sike pls listen to our govt and stay at home ok!! leave ur house only if you have to social distancing + wear ur masks if you do! stay safe~~ &lt;3,1267128302558261250,leedeeyuh,
2020-05-31 15:49:23+00:00,HAHAHAHAHA ok la they deserved it in the most memorable way ğŸ¤£ with no crowd and social distancing ğŸ‘ğŸ» ,1267121000837115906,callmehappykid,
2020-05-31 14:57:39+00:00,Nobody Beats @Astro_SEAL for #socialdistancing. @nasa @Space_Station @spacex #wfh,1267107982300438529,scottebales,
2020-05-31 14:50:53+00:00,"Sokay no thank you. Covid ah, social distancing",1267106278863601664,lembupls,
2020-05-31 14:19:59+00:00,Lets follow strict social distancing to defend covid-19 and stand for India.Stay home..Stay safe... http://www.clifit.ai,1267098503613841409,AiClifit,
2020-05-31 13:55:32+00:00,"Hi, you can report any possible social distancing infringements at http://oneservice.sg . Thank you.",1267092349525491715,SingaporePolice,
2020-05-31 13:26:39+00:00,500 Food packs distribution to our Malaysian Friends who are still stranded here in Sg and cookies from Siti Khadijah. Adhering to strict social distancing and protective mask as well as contactless distribution inâ€¦ https://www.instagram.com/p/CA2pb9vBgo3/?igshid=6ijvkxosnq0f,1267085081929187328,PGA_Charity,
2020-05-31 13:14:31+00:00,"Ketok pintu terus pas buka diletakkan di lantai depan pintu, demi social distancing yang hakiki hahahaha.. mauliate bang @rckymrz ğŸ˜‚ğŸ˜",1267082027536281601,DavidPSinurat,
2020-05-31 11:51:23+00:00,Isnt that the whole point of social distancing??,1267061106243059712,wafflesbite,
2020-05-31 11:15:40+00:00,Harini ada geng basuh depan rumah. Seronok je menggesek gesek lantai. Tibe tibe dengar bunyi gate. Cik Faizah keluar dengan penyapu penyodok. Bagi salam social distancing jeğŸ¤£,1267052119799984128,ZakiRawkx,
2020-05-31 11:05:03+00:00,I see social distancing ğŸ‘€,1267049447625654273,TheGoldenUFO,
2020-05-31 11:04:24+00:00,love on earth - for my parents #crcheers #quircsingapore #ownselfpaint #safedistancing #covid19 #oilpainting #socialdistancing #brittoart @Evania https://www.instagram.com/p/CA2ZKl4nfn4/?igshid=adw4cyx1vb7k,1267049284752543745,QUIRC_Singapore,
2020-05-31 10:27:25+00:00,Stay crap works just as well imo,1267039978464280576,saran_anandan_,
2020-05-31 10:21:07+00:00,Back again with his whack ass takes,1267038390026829825,saran_anandan_,
2020-05-31 10:11:44+00:00,"Masih social distancing, manabisa we ğŸ˜",1267036028298133505,saifaliebahri_,
2020-05-31 09:28:09+00:00,"give an applause to @KKMPutrajaya ğŸ‘ğŸ»but,we still need to stay at home,social distancing and keep hygieneâ˜ºï¸ ",1267025061187162113,hazwaninazura,
2020-05-31 08:43:17+00:00,A new analysis tried to estimate Americans' â€œwillingness to payâ€ based on the implied value of social distancing and other public intervention ,1267013768380403712,fathershipco,
2020-05-31 08:39:06+00:00,"I would like to thank everyone that stopped by the charity stream and even stayed for a little, while we raised funds for the people affected by COVID-19. It is definitely something I would urge all of us to be aware and try to work together even in times of social distancing.&lt;3",1267012717245722627,FlynnShofo,
2020-05-31 08:30:16+00:00,Done self pampered myself sebab well twittername itself is lonely kot and i need something for my birthday huhuhuhu. Ni kalau masih lagi asyik breach PKP and social distancing ni im gonna be super disappointed with myself..,1267010495434813440,_cuddleboii,
2020-05-31 08:26:54+00:00,"Social distancing, man",1267009646453092352,jeapzhang,
2020-05-31 08:23:37+00:00,us: the dorms are crowded and the living conditions do not help adhere to social distancing these clowns: oK bUt tHeY EaT WiTH tHeIR hAnDs,1267008822926733312,maddybez,
2020-05-31 08:06:22+00:00,"Semma jilat bro, you also want GLC ah?",1267004481675202560,saran_anandan_,
2020-05-31 07:56:52+00:00,What about social distancing?,1267002087927406592,gbassakos,
2020-05-31 07:40:22+00:00,"George Floyd, Minneapolis Protests, Ahmaud Arbery & Amy Cooper | The Daily Social Distancing Show ",1266997936845516800,kerynnlee,
2020-05-31 07:36:01+00:00,Social distancing ,1266996841498808322,thehafiznasir,
2020-05-31 07:22:48+00:00,"34,884 infections #Singapore #CircuitBreaker #DORSCONOrange #SocialDistancing #StayHome #StayAtHome #CoronavirusPandemic #COVID19 #COVID2019 #Covid_19 #CoronavirusOutbreak #Coronavirus",1266993515319287808,jas0nsg,
2020-05-31 07:18:17+00:00,i love the effort ATEEZ put into making atiny feel better about the terrible situation right now. thank you ateez for bothering to make atiny happy please rest well and remember to practice social distancing and try not to go out to often,1266992380063780864,yeosangschick3n,
2020-05-31 07:16:55+00:00,Cycling with social distancing ,1266992033962450946,ibraheemp,
2020-05-31 07:15:08+00:00,Cycling with Social distancing ,1266991588053409794,TravelerArticle,
2020-05-31 07:14:20+00:00,"Kalau kat jb boleh lepak, tapi mcm biasa la social distancing 1m tu",1266991385581740034,leprechaungr,
2020-05-31 07:09:54+00:00,Get a sidearm while youâ€™re at it too. Never know when you need to whip one out while social distancing.,1266990269578108929,hanselang,
2020-05-31 07:09:06+00:00,"Vietnam: How this country of 95m kept its Covid-19 death toll at zero- CNN: 1) early borders closures, lockdown and strict social distancing; 2) meticulous contact-tracing and circuit breaking; 3) efficient use of ICT; and 4) joint social responsibility ",1266990068079583234,EiweidaA,
2020-05-31 06:37:58+00:00,Surely this is in contravention of the rules of social distancing. Who they think they are? Bloody Dominic Cummings? Tell them to bugger off to Barnard Castle.,1266982234235367424,Singaporemark,
2020-05-31 06:18:18+00:00,"Things to do with the kids #72 Teaching the #cats the art of #socialdistancing and how to #stayathome #exerciseindoors ""Vanilla, why are you wearing a red ribbon?"" ""I'm practising being a birthday gift.""â€¦ https://www.instagram.com/p/CA14auvlwvq/?igshid=g1p5e80ipk86",1266977284843585537,BrooksBooksCo,
2020-05-31 06:10:31+00:00,@DrSJaishankar @ysjagan @ysjagan @IndianEmbRiyadh @MEAIndia there is no social distancing and the lack of manpower at the air India office creates chaoes. I stood for close to 4 hours in queue in the hot sun but no luck. No support from air india office team. I appreciate #VBM,1266975325084438528,rudrabhatla_v,
2020-05-31 06:03:57+00:00,Oh BTW social distancing doesn't matter anymore. The virus decided to take a break.,1266973674495598598,reachtarunhere,
2020-05-31 05:55:32+00:00,Mass gathering/protest. Pls tell me social distancing is over ğŸ¤”,1266971552890978306,RahimMohd,
2020-05-31 05:48:14+00:00,please sit apart in the cinema ok.. social distancing,1266969716616163328,shuapok,
2020-05-31 05:36:14+00:00,Hello but already entered into country there no reason for lockdown if possible please aware people about social distancing and ware mask it is helpful ğŸ™,1266966698436947968,jayakarpoliset1,
2020-05-31 04:44:42+00:00,"TWO SIMPLE REMEDIES FOR THE PANDEMIC STRESS *LESSON: More physical activity, plus limiting screen time, are two ways to mitigate negative mental health issues. #physicalactivity #exercise #screentime #mentalhealth #socialdistancing #WFH #covid19 #pandemic http://bit.ly/C19exermentalhlth",1266953729950932992,SportPsychHQ,
2020-05-31 04:27:43+00:00,Social distancing.... Measure it out now with your phone through @GoogleARVR. Thanks to @Google #SocialDistancing #AI #VR #apps,1266949457033060352,hardeepsingh_sg,
2020-05-31 04:14:49+00:00,take me down to the paradise city where the grass is green and ğŸ¦birds r pretty oh won't u please take me home #socialgathering #breach #socialdistancing #birdsofafeather #mynah #blackfeather @Serangoon Npc https://www.instagram.com/p/CA1qSjEn3rX/?igshid=ori5hsjldags,1266946208364466177,3rdeye_blind,
2020-05-31 04:10:15+00:00,tapi social distancing.. gak bisa ketemu bang,1266945058604867584,siti_lestariii,
2020-05-31 02:40:51+00:00,"Yes i trust their data, the fact is they already unlock most cities and TV studios are allowing live audiences again as of May, they do practise social distancing.",1266922560001683456,alvinchuatw,
2020-05-31 02:23:46+00:00,I really want to drag him through filth,1266918259955167232,saran_anandan_,
2020-05-31 02:06:02+00:00,You can keep your creepy mannequins. The Izu Shaboten Zoo in Shizuoka shows how to do social distancing in restaurants. ,1266913800738881536,ProfChesterman,
2020-05-31 01:27:19+00:00,"Electric boogaloo. Stay safe, keep your powder dry and ensure social distancing. ",1266904054313021440,hanselang,
2020-05-30 23:53:28+00:00,Bahahahaha cuz she's hot I wouldn't decline gahahaha just stay at least 6 feet away #SocialDistancing,1266880436313047040,Staymoist369,
2020-05-30 20:58:02+00:00,@djcleo1 Eskhaleni where is the social distancing.. Ngathi kudlalwa ngsthi LA I corona le ngsthi ayikho ğŸ¤£ğŸ¤£ğŸ¤£ğŸ¤£ğŸ¤£ğŸ¤£ğŸ™„ğŸ™„ğŸ™„ ,1266836286343720963,Mapokotela1,
2020-05-30 20:51:17+00:00,@djcleo1 performers forgot about social distancing ğŸ¤£ğŸ¤£ğŸ¤£ğŸ¤£ğŸ¤£ğŸ¤£they should dance 2m apart .. @Shimza01 no my bra you were supposed to organise di mask ğŸ˜·ğŸ˜·ğŸ˜·ğŸ¤¦ğŸ½â€â™‚ï¸ğŸ¤¦ğŸ½â€â™‚ï¸ğŸ¤¦ğŸ½â€â™‚ï¸ #LockdownHouseParty,1266834589462466561,Zizo2Luv,
2020-05-30 20:47:39+00:00,"Tweeted this on the day president Cyril Ramaphosa announced social distancing &amp; the lock down to follow. With Level 3 coming up, the full impact of this crisis will show on the small businesses across the country. ",1266833673778876418,Mashstartup,
2020-05-30 19:32:13+00:00,The ultimate in Social Distancing,1266814692338483201,whitehobo_inc,
2020-05-30 18:26:55+00:00,ğŸ¤£ğŸ¤£ #covid19 #coronavirus #coronapocalypse #socialdistancing #staysafeeveryone #staysafe #lockdown #circuitbreaker #pandemic,1266798259856527360,palmerdebra,
2020-05-30 17:45:44+00:00,This is a card to tell you Social distancing is difficult Engaging with art helps me cope And I wanted to share it with you Maybe it can help make things easier Thank you for being a friend You're cool,1266787893109911552,zishan27,
2020-05-30 17:37:30+00:00,bissmillah assalamualaikum ğŸ¤—student giatmara johor bahru â€œdone qushâ€ 151138059734 maybank semoga di limpahkan rezeki seperti air zam zam yang tak pernah berhenti keluarâ¤ï¸ selamat hari raya maaf zahir batin . #staysave #SocialDistancing #KitaJagaKita #KitaTeguhKitaMenang,1266785821081755648,iyrah_,
2020-05-30 16:34:46+00:00,Have a talk while still practicing social distancing and give him a mask if needed.,1266770034690371584,justnabil__,
2020-05-30 16:28:41+00:00,"Wah! Big cat need #Social_Distancing from shoe! Very problematic, one! #CatsAgainstMurderByCop #catsagainstcovid #CatsOfTwitter #CatsOfTheQuarantine #CatsOnTwitter #catsofinstagram #catsofthelockdown #circuitbreaker @catsofinstagram @thepoliticalcat",1266768502586671106,Monster_Cat__,
2020-05-30 16:27:17+00:00,naik motor pon ada social distancing ğŸ¤­ ,1266768153306001409,ainaikaa,
2020-05-30 15:36:36+00:00,Tadi jalan2 Mid Valley .. ntah ke mana #SocialDistancing nya ğŸ¤¦ğŸ»â€â™€ï¸,1266755397739622401,RougeLilly,
2020-05-30 15:34:15+00:00,Lets follow strict social distancing to defend covid-19 and stand for India.Stay home..Stay safe... http://www.clifit.ai,1266754807622066182,AiClifit,
2020-05-30 15:30:16+00:00,ç§ã®åå‰ã¯ã‚¸ãƒ¥ãƒªãƒ¼ã§ã™ï¼Œç§ã¯ãŸã æ—¥æœ¬èªã‚’å‹‰å¼·ã—ã¦ã„ã¾ã™ğŸ˜Š,1266753801244995584,SetiawanJulie,
2020-05-30 15:00:26+00:00,His form.... Mans really did a Zidane vs Bayer Leverkeusen,1266746293688270848,saran_anandan_,
2020-05-30 14:50:55+00:00,ğŸš¨ ğŸš¨ A new real-time gauge of social distancing shows the U.S.â€™s economy is beginning to stir to life once again ,1266743899311108096,BluePhoenixFin,
2020-05-30 14:04:16+00:00,Atas moto pon ada social distancing ğŸ˜­ğŸ‘†ğŸ»,1266732159089270785,suniessun,
2020-05-30 13:33:40+00:00,"Things to do with the kids #71 Teaching the #cats the art of #socialdistancing and how to #stayathome #exerciseindoors ""Titus, what's wrong with your eye?"" ""Nothing, I'm just practising being a pirate."" ""Aâ€¦ https://www.instagram.com/p/CA0Fc_KFqbg/?igshid=drnacfzpfpn2",1266724459173552128,BrooksBooksCo,
2020-05-30 13:32:51+00:00,â€˜Weâ€™ve just had a lot of heart to hearts.â€™ Social distancing has revived old-fashioned courtships ,1266724253451214848,TokyoWineLover,
2020-05-30 13:28:09+00:00,Why need to social distancing when everyone is healthy..... Masa main bola semua berlaga laga ok je..... ,1266723070942699520,AqilZafri13,
2020-05-30 13:25:24+00:00,Astaga kok samaan yodah kita pelukan ala social distancing aja,1266722378085629955,jooobukanjojo,
2020-05-30 12:21:40+00:00,â¦@dc_dhanbadâ© see social distancing sir like this only coronavirus will spreed do something â¦@HemantSorenJMMâ© â¦@sudhirchaudharyâ©,1266706341436878848,MalkitsinghGill,
2020-05-30 12:09:18+00:00,Now why is this not surprising? #SocialDistancing ,1266703228638343169,kunalsguha,
2020-05-30 11:51:01+00:00,That sounds like a great reason to push lockdowns instead of social distancing (heavy sarcasm) so how are your lockdowns working out? At least we can put another face and name to bad policy.,1266698626140495873,HotelPlannerCEO,
2020-05-30 11:49:15+00:00,social distancing,1266698180726370305,valterria_SG,
2020-05-30 11:41:56+00:00,It took 10 years for south central LA to fully recover from the 92 riots. How long will cities effected in todayâ€™s riots take to recover with negative GDP growth and 42 million unemployed? Data says social distancing causes less infections than lockdowns. But you love lockdowns ,1266696340538441728,HotelPlannerCEO,
2020-05-30 11:32:30+00:00,Some merlot won't hurt #StayHome #SocialDistancing #redwine #Merlot #wino #Chillout #SaturdayNight,1266693968579846144,hanisfarina,
2020-05-30 11:32:13+00:00,USAO and REDALiCE practicing safe social distancing #tanoc,1266693896030969857,NitroX72,
2020-05-30 11:28:41+00:00,à®à®¯à®¾ à®’à®°à¯ à®®à¯€à®Ÿà¯à®Ÿà®°à¯ à®‡à®Ÿà¯ˆà®µà¯†à®³à®¿ à®•à®Ÿà¯ˆà®ªà®¿à®Ÿà®¿à®¤à¯à®¤à¯ à®¨à®¾à®®à¯ à®®à¯à®©à¯ à®‰à®¤à®¾à®°à®£à®®à®¾à®• à®‡à®°à¯à®•à¯à®•à®²à®¾à®®à¯‡.. #SocialDistancing,1266693006767165440,Sathique1,
2020-05-30 11:11:10+00:00,ã‚‚ã†ã‚³ãƒ­ãƒŠã¨ã‹Social Distancingã¨ã‹ã©ã†ã§ã‚‚è‰¯ã„æ„Ÿã˜ã§ã™ã­ã€‚ã©ã†ãªã£ã¡ã‚ƒã†ã‚“ã ã‚ã†ã€ã‚¢ãƒ¡ãƒªã‚«â€¦ ,1266688596762746880,masan2014,
2020-05-30 10:22:01+00:00,"I'm worried on the well-being of kids who come to school by bus, van or any other public transport. Crowded is one major problem. Can we ensure that social distancing be practiced with no hiccups? I assume the SOP recently created will overlook this factor. ğŸ˜¢",1266676230880817153,faraharu27,
2020-05-30 10:19:26+00:00,Hey....no social distancing...!!!ğŸ† ğŸ† ğŸ†....ğŸ¤ª,1266675577462784000,bhippo73,
2020-05-30 09:34:58+00:00,Social Distancing exited the chatğŸ’ğŸ»â€â™€ï¸ğŸ’ğŸ»â€â™€ï¸ğŸ˜‚ğŸ˜‚ #GlobalLiveFMxKristSingto,1266664387214839815,whippedblfan,
2020-05-30 09:02:25+00:00,How can you implement measures such as #SocialDistancing and #FlexibleWorking when itâ€™s time for talent to return your worksites? Check out this on-demand webinar for tips from @MerckKGaA and #Randstad.,1266656198419296257,rsrvictoriam,
2020-05-30 08:41:15+00:00,POTUS highlighting Democrat leadership without needing to lift a finger. #socialdistancing #newnormal #COVID19,1266650870826991616,hanselang,
2020-05-30 08:38:04+00:00,"34,366 infections #Singapore #CircuitBreaker #DORSCONOrange #SocialDistancing #StayHome #StayAtHome #CoronavirusPandemic #COVID19 #COVID2019 #Covid_19 #CoronavirusOutbreak #Coronavirus",1266650070050459648,jas0nsg,
2020-05-30 08:37:14+00:00,@realDonaldTrump letting Democrat leadership go front and centre after they demanded STATES RIGHTS from the COVID-19 re-opening EO... #rekt #socialdistancing #newnormal,1266649861601939456,hanselang,
2020-05-30 07:54:07+00:00,Krist you are supposed to practise social distancing not hug your nong like that hahahahaha #GlobalLiveFMxKristSingto,1266639010698420224,whippedblfan,
2020-05-30 07:34:25+00:00,Social distancing who?? #GlobalLiveFMxKristSingto,1266634049709207554,jocelyn01221,
2020-05-30 07:19:28+00:00,the pandemic probably didnâ€™t cause many of the problems we are having. it likely revealed and exposed the entrenched problems we have been having for a long time. -IPA/INTERDEM webinar on social distancing and its impact on the social and the mental health of the elderly popltn,1266630288844574722,tiangshuhui,
2020-05-30 07:18:38+00:00,Practice social distancing yalll ğŸ¤£ ,1266630081264287744,thepheykrey,
2020-05-30 07:16:35+00:00,"â€œpolitical decision-making should not only include knowledge about the virus and the economy, but also the social, cognitive, and mental risks of social distancing; social inclusion of older persons and for all is possible and feasible, and is rewarding. â€œ",1266629565733957633,tiangshuhui,
2020-05-30 07:00:26+00:00,FUCK THAT'S AMAZING,1266625500241264640,saran_anandan_,
2020-05-30 06:55:33+00:00,"Social distancing punya psal, hampir jatuh sungai ğŸ˜‚ ",1266624269984784384,RdwnZb,
2020-05-30 06:46:34+00:00,"Happy birthday man, I miss you",1266622011897331712,saran_anandan_,
2020-05-30 06:00:23+00:00,Social Distancing Unicorn #thewhiteombre #cake #cakedecorating #cakesofinstagram #bakersofsgp #socialdistancing #unicorn #unicorncake #stayhome,1266610387946004480,TheWhiteOmbre,
2020-05-30 05:04:42+00:00,"Heartened to know that despite the fallout of the Covid19 pandemic, stormtroopers can still retain their jobs #StarWars #socialdistancing #DisneyWorld",1266596375518560256,reddotdiva,
2020-05-30 05:04:32+00:00,Hayi vona na 'social distancing' amapotweniâ˜ºâ˜ºâ˜º,1266596330685837312,SiphoSoul,
2020-05-30 05:03:15+00:00,the lack of social distancing in prisons makes them very very hard to have the virus contained. We risk another outbreak of the virus similar to the dorms. What next ? ,1266596010022715394,hiokhiokkontet,
2020-05-30 04:47:28+00:00,"Angka-angka ini sangat membimbangkan. Walaupun hampir kesemua sektor ekonomi telah dibuka semula dan berjalan, dengan mengamalkan precaution dan social distancing, kita anggarkan angka ini akan terus meningkat selagi vaccine belum dijumpai. ",1266592035642867714,ameruddinibrahm,
2020-05-30 02:45:32+00:00,South Korean cafe hires robot barista to help with social distancing https://bit.ly/2Xg71BO,1266561353222885376,TODAYonline,
2020-05-30 02:04:39+00:00,why are they not social distancing!!!,1266551061881352195,okxy_ame,
2020-05-30 00:29:38+00:00,Where is all the #socialdistancing in the USA now? #USArevolts #riots #GeorgeFloyd,1266527152167477248,limmingji,
2020-05-29 22:12:40+00:00,Haibo this gent ignored his gf for 2/3 months and uthi it was social distancing ğŸ˜­ğŸ’”,1266492682014208001,olwethuuuuuuu,
2020-05-29 19:50:27+00:00,Oooh thanks mate. I wouldnâ€™t have given social distancing a thought if it werenâ€™t for you .... pheweeee ğŸ˜…,1266456893129502722,GoodwoodTed,
2020-05-29 18:25:25+00:00,Govt has no idea about when to begin education classes but theyâ€™ve declared the date for Amarnath Yatra! Any idea how will one fly? Any idea on how to follow social distancing? Will govt check passenger and helps? #Priorities,1266435494872678400,DadaThaakur,
2020-05-29 17:57:50+00:00,"Americans are down right weird. We have a pandemic on the loose which has essentially forced a global lockdown you guys called it a hoax, demanded the government to reopen the cities and on purpose, go against health and medical advisors regarding social distancing and masks.",1266428551168880640,lyradlee,
2020-05-29 17:40:59+00:00,ğŸ¤£ğŸ¤£ğŸ¤£ğŸ¤£ğŸ¤£ğŸ¤£are they finally social distancing after so long???ğŸ¤£â¤ ,1266424309725052928,Cindyeuphonist1,
2020-05-29 17:25:34+00:00,Meetings with Machas: Which Tragedy Gives You The Best Content?,1266420431877058566,saran_anandan_,
2020-05-29 17:18:48+00:00,"Literally the worst time to go for a ""it eez what it eeez"" vibe but hey maybe this is a social experiment too",1266418728746414081,saran_anandan_,
2020-05-29 17:13:30+00:00,He said aight thatâ€™s enough activism for today,1266417393049296897,saran_anandan_,
2020-05-29 17:06:40+00:00,Yang dekat replies beramai-ramai tu jangan lupa jaga social distancing ya. Lama tak buat open house.,1266415676740087808,_amirulfahmie,
2020-05-29 16:24:49+00:00,"https://www.espn.com.sg/soccer/liverpool-engliverpool/story/4103451/liverpools-potential-title-clincher-could-be-held-at-neutral-ground-due-to-police-advice Football is one of the most important things in my life. Nevertheless though, it is the least important of all the important things that matter right now. Social distancing matters more.",1266405142573670401,Googooboyy,
2020-05-29 16:17:57+00:00,"Really, I figured social distancing will be a issue. Smh",1266403416777129989,JohnMatrix1980,
2020-05-29 16:12:01+00:00,TL;DR You canâ€™t get COVID only with a mask if you donâ€™t touch eyes or mouth and maintain social distancing at all times.,1266401921239183361,hanselang,
2020-05-29 15:54:45+00:00,Foot-long social distancing shoes ,1266397574870728704,Qhawez,
2020-05-29 15:43:50+00:00,"It is the embodiment of social responsibility in a time like this. We want to curb the spread of the virus, so every one must practice social distancingâ€”",1266394828830420992,seanlkx,
2020-05-29 15:19:32+00:00,yie pahug nga charot social distancing @SB19Official ALAB 100DaysOnMYX #SB19JUSTIN_MENPA,1266388713417785344,stanniyosb19,
2020-05-29 14:37:31+00:00,"Things to do with the kids #70 Teaching the #cats the art of #socialdistancing and how to #stayathome #exerciseindoors ""Titus, what are doing?"" ""I'm checking everyone coming upstairs is practising socialâ€¦ https://www.instagram.com/p/CAxn9zDFKZu/?igshid=1lihxqtib74n5",1266378139145367554,BrooksBooksCo,
2020-05-29 14:22:51+00:00,I keep my social distancing with you. Lmao,1266374447860117510,HZety_,
2020-05-29 13:59:30+00:00,"Not seeing relapses by opening up. US who has tested the most has a downward trend and Europe is starting to open up as well. This virus isnâ€™t deadly enough to shut down economies long term. Social distancing and hygiene are our best defence, not sitting at home.",1266368575062720513,btonelli,
2020-05-29 13:26:18+00:00,Some People donâ€™t understand social distancing... Ke yo omong o pepile behind me ğŸ˜’ğŸ˜’ğŸ˜©... #lockdownextension,1266360216486137857,Mini_Palesa,
2020-05-29 12:37:03+00:00,Social distancing creates new challenges for stadium designers https://cna.asia/3cg7B6A,1266347824108539905,ChannelNewsAsia,
2020-05-29 12:36:14+00:00,last last tadi jumpa hilang segala social distancing terus berkepit je tak habis habis â€œlamanya tak jumpa!!!!â€,1266347618923233280,asmidaMZ,
2020-05-29 12:30:01+00:00,Lets follow strict social distancing to defend covid-19 and stand for India.Stay home..Stay safe... http://www.clifit.ai,1266346054074593281,AiClifit,
2020-05-29 12:20:48+00:00,Chicken Chop craving!!! #crcheers #quircsingapore #adventuresofalifetime #safedistancing #covid19 #staysafeandhealthy #socialdistancing @Evania https://www.instagram.com/p/CAxYUbLHqu0/?igshid=iwf61bvvpm2x,1266343734322569217,QUIRC_Singapore,
2020-05-29 11:19:26+00:00,There's an interesting development to the murder of George Floyd. The officer in question allegedly knows George Floyd which then suggest that this murder is either premeditated or is motive driven.,1266328290970787842,FirSholehan,
2020-05-29 10:52:14+00:00,Social Distancing vs Sharing Hospital Beds in India (WHO 'executive chairman' will able to answer? ) https://amp.theguardian.com/world/2020/may/29/india-mumbai-hospitals-overwhelmed-coronavirus-cases,1266321446449496066,abhijitbarua,
2020-05-29 10:48:01+00:00,"@yazbanz All the remaining EPL games will be played behind closed doors apart from any Arsenal matches, Social Distancing at the Emirates is not an issue said a spokesman for the club ğŸ¤£ğŸ¤£ #Gooners",1266320383222755328,peterhone,
2020-05-29 09:27:42+00:00,"To all my American friends out there, stay safe, and I recommend social distancing from social media in this current time...",1266300172784381953,ThatOneDeb,
2020-05-29 09:05:08+00:00,COVID-19: Irish PM says good chance social distancing rule can be relaxed https://cna.asia/2XczXdJ,1266294493734506496,ChannelNewsAsia,
2020-05-29 09:00:00+00:00,"Indonesian officials are forcing social distancing violators to recite Koran verses, stay in ""haunted"" houses and submit to public shaming on social media. ",1266293203227103232,YahooSG,
2020-05-29 08:58:38+00:00,"ã€Innovation in Social-Distancing Measures with Topcon Slit-lamp, SLD-701 w/DC4ã€‘ Click on the link below to watch the video of the conceptualization of Dr. Zaw's innovation: ",1266292857284866050,topcon_asia,
2020-05-29 08:33:41+00:00,ğŸ”™ Throwback to the good olâ€™ times when your friends and colleagues could creep up on you out of the.. blue. #socialdistancing #newnormal ğŸ¤· @Dohkie https://www.instagram.com/p/CAw-UyznMxp/?igshid=mhgjdxvxoq4g,1266286577480654848,DohkieSG,
2020-05-29 08:31:16+00:00,Literally sums up the #BlackLivesMatter protest vs the social distancing protest in America.ğŸ˜¡ Youâ€™re part of the racism problem in general if youâ€™re staying â€œneutralâ€ and not speaking up. ,1266285971231784964,FL_2102,
2020-05-29 08:27:02+00:00,"33,860 infections #Singapore #CircuitBreaker #DORSCONOrange #SocialDistancing #StayHome #StayAtHome #CoronavirusPandemic #COVID19 #COVID2019 #Covid_19 #CoronavirusOutbreak #Coronavirus",1266284905547198464,jas0nsg,
2020-05-29 08:14:21+00:00,"Many #sectors are #hiring despite the #lockdown due to #covid-19. These include #online #retail, #healthcare and more. If you need more tips on #communication #strategies, follow us! ğŸ”” Or write to us at enquiry@script.com.sg. #flattenthecurve #socialdistancing #workfromhome",1266281714101284864,ScriptSg,
2020-05-29 08:07:01+00:00,Some visitors donâ€™t believe in #SocialDistancing! #FridayVibes #birdsofparadise,1266279867386966016,Nehal_Garg,
2020-05-29 08:04:02+00:00,"Nak protest punya pasal, lupa terus pasal Social Distancing ",1266279118745657347,afqhal,
2020-05-29 07:55:04+00:00,Social distancing!,1266276860188483587,dinoXsg,
2020-05-29 07:52:37+00:00,The Instagram accounted called tape_measures is both funny and sad at the same time. Great way to visually document the banal as well as creative tape markings! #covid19 #SocialDistancing #singapore,1266276244955361281,syzzlyn,
2020-05-29 07:15:35+00:00,"Fast food chains recovering faster in the US than APAC...one reason is because drive-through options, which enable social distancing, are not nearly as prevalent in other regions. This recovery will not be evenly distributed. #localization",1266266925522227200,LeadershipNomad,
2020-05-29 07:08:29+00:00,Social distancing and self-isolation are effective ways to slow the spread of Covid-19. But many are ignoring public health measures. Floor stickers help get through to someone who isnâ€™t following the rules.â€¦ https://www.instagram.com/p/CAw0k5lliV-/?igshid=vfth4fx2s3bl,1266265138308366343,SignaramaCBD,
2020-05-29 06:55:48+00:00,Banana Que ğŸ˜ğŸ˜ And yesssss we used saba na Saging. Ehehe been searching for it for ages... I had to go to wet market early even yesterday. ============= Happy cooking friends. #HomeCookAngel #StayHome #SocialDistancing #CircuitBreaker #Singapore #Covid19 #BoredInTheHouse,1266261947172794374,angelsibal,
2020-05-29 06:23:35+00:00,ğŸ‡¨ğŸ‡­#COVID19 measures taken by the #Swiss Federal Council will be gradually eased together with a set of precautionary measures. It is crucial that everyone involved plays its part and observes the rules on #Hygiene #WashYourHands and #SocialDistancing. ğŸ“–ğŸ”http://bit.ly/2B4FzOx,1266253837410504705,SwissAmbSGP,
2020-05-29 06:18:50+00:00,First impression: comel je hewhew Current: terpaling suka voice jauh ii dia amalkan social distancing dengan fone. ,1266252643610984454,suniessun,
2020-05-29 06:04:40+00:00,Checkers has nice glasses Iâ€™m always just pleasantly surprised while waiting in the social distancing line,1266249079287197696,chefpalipali,
2020-05-29 05:34:16+00:00,"And if you, as a POC, fail to see that, and instead choose to support the very system that will continue to oppress you on the basis of ""owning the libs"", then the only truth is that you're a stupid contrarian who just wants to be different, at any cost.",1266241429015150594,saran_anandan_,
2020-05-29 05:27:26+00:00,"The global system benefits a tiny group of people, who want these things to happen to further strengthen their stranglehold over society. They have not hesitated to resort to violence to achieve their goals, so why is nonviolence supposed to be our only viable option?",1266239707593113601,saran_anandan_,
2020-05-29 05:22:15+00:00,"If you did a little bit of reading, and a little bit of thinking, you'd realise that the system is stacked against certain people. You'd understand that without radical action, things won't change.",1266238401063206912,saran_anandan_,
2020-05-29 05:16:51+00:00,"Heâ€™s probably tired of social distancing. If Iâ€™m being honest, I want to applaud him even though I know itâ€™s wrong. I guess Iâ€™m just fantasizing about the return to normalcy.",1266237044184895489,ToonAngel2,
2020-05-29 05:13:48+00:00,Grab your mates (but no more than 9) and head up to @WHotelBrisbane for a private dinner that meets all the #QLD social distancing rules and provides a stunning backdrop of the #Brisbane River .. https://www.delicious.com.au/travel/delicious-deals/article/w-brisbane-launches-luxurious-private-dining-experience-penthouse-suite/6xb5qzep via @deliciousAUS,1266236275108921353,PeterAForeman,
2020-05-29 05:13:29+00:00,UMNO lapdog,1266236198428667904,saran_anandan_,
2020-05-29 05:06:16+00:00,"#StayHomeWithLeica While we are currently practicing social distancing, we are connected over our common love of #photography. Join us for a series of complimentary online programs produced by the Leica Akademie, Instagram Live interviews and more here: https://bit.ly/36GsZ43",1266234379606519811,leica_store_sg,
2020-05-29 05:00:41+00:00,"Please practice Social distancing, if we work hard together, we will get through this together! #TractorsSingapore #StayunitedSG",1266232976649551872,TractorsSG,
2020-05-29 04:45:09+00:00,Are there any Indian-run GLCs? Surely Ramesh Rao's continuous ass-kissing warrants a GLC appointment?,1266229066861965313,saran_anandan_,
2020-05-29 04:36:12+00:00,"The nearest office to my place is LTO - Novaliches District Office. I've read about the online appointment system but I'm worried that with the current social distancing &amp; max capacity allowed, there might be a sudden surge that the office might not be able to handle properly.",1266226815070162946,aoreta,
2020-05-29 04:00:15+00:00,"Japan beat #COVID19 with voluntary and not very restrictive social distancing and without mass testing the country focused on finding clusters of infections and attacking the underlying causes, which often proved to be overcrowded gathering spots ",1266217767608315904,SEACoronavirus,
2020-05-29 03:27:40+00:00,[Watch] Social Distancing Hacks That Could Restore Normalcy in Life! http://mfame.guru/watch-social-distancing-hacks-that-could-restore-normalcy-in-life/,1266209568519974914,mfame_guru,
2020-05-29 03:00:00+00:00,The COVID-19 pandemic have led to these individuals going the extra mile to ensure social distancing ğŸ˜… #StayHomeForSG #SGUnited #SGTogether,1266202603718770688,youthsg,
2020-05-29 02:33:19+00:00,Cats also know social distancing. #socialdistancing #cat #cb #circuitbreakersg #singapore #covid19 https://instagr.am/p/CAwN1qBnQ-b/,1266195889325998086,SGMiFans,
2020-05-29 02:27:06+00:00,Spears are just knives with social distancing,1266194323596472320,Otterly_Arty,
2020-05-29 02:17:36+00:00,I had a dream that everything was burning. Fire and smoke everywhere.,1266191935967879175,FirSholehan,
2020-05-29 01:53:10+00:00,"So sick of #circuitbreakersg Iâ€™m fantasizing about breaking social distancing rules. Maybe walk up to social distancing ambassadors without a mask and say, â€œBite me.â€",1266185785390166016,ToonAngel2,
2020-05-29 01:35:46+00:00,Burger King Italy has recently announced that it would include extra onions in its Whoppers in the hope that the resulting bad breath will provide that needed extra impetus for keeping social distancing guidelines. #foodtech,1266181405513355266,savemoneylah,
2020-05-29 01:30:09+00:00,"Indonesian officials are drawing up plans for a gradual exit from strict social distancing measures, betting the return to a new normal will pave the way for a V-shaped recovery for Southeast Asiaâ€™s. Read more... http://ow.ly/iEXV50zSOgN #news #asia #asean #economy #indonesia",1266179994646196227,CentennialAsia,
2020-05-29 01:28:53+00:00,Social distancing is another big lie that deep state wants us to believe .,1266179672397582337,726Yasid,
2020-05-29 01:00:31+00:00,"With a virtual choir of more than 30 people from 11 churches in 3 countries including familiar faces like Isaac Ong Yijie, singer-songwriter Joshua Pohâ€™s latest track has brought people together in a time of social distancing. ",1266172535617568768,thirstonline,
2020-05-29 00:55:53+00:00,"This guys said social distancing, tapi dia suruh kita go down ambik order. Maksudnya face to face, instead of, dia letak order depan grill without jumpa cust. @GrabMY",1266171371094044672,msdya,
2020-05-29 00:50:23+00:00,A game that ALWAYS practices social distancing IS FINALLY BACK ,1266169986160013312,izzitdeepa,
2020-05-29 00:25:02+00:00,Why do we need to do social distancing? Limiting face-to-face contact with others is the best way to reduce the spread of COVID-19. Hereâ€™s how you can do it: https://buff.ly/2VebiU5 #ppe #safety #first,1266163604673499136,MacroVistaSG,
2020-05-29 00:06:11+00:00,"Veovo has released its Passenger Density Management solution, designed to assist rail and metro operators to measure, understand and manage crowd density, to support social distancing. ",1266158860273885185,remoteworktech,
2020-05-28 23:51:29+00:00,Funny how social distancing is always there in restaurant but they still closed,1266155162181173249,mfanaharry,
2020-05-28 22:36:13+00:00,Yes. But big crowd is hard to control. People turn to be chaotic when they r big in numbers. So social distancing becomes problematic.,1266136222746976262,GumedeSk,
2020-05-28 21:53:21+00:00,South Korea reimposes strict social distancing rules after spike in cases ,1266125434858676226,STForeignDesk,
2020-05-28 21:29:25+00:00,#RT @googledevs: RT @ChromiumDev: Sodar uses augmented reality and WebXR to help visualize social distancing guidelines in the world around you. Try it now on Chrome for Android â†’ http://goo.gle/sodar and learn about WebXR at http://web.dev/web-ar/,1266119410084970496,DevSpaceSG,
2020-05-28 21:07:23+00:00,googledevs: RT ChromiumDev: Sodar uses augmented reality and WebXR to help visualize social distancing guidelines in the world around you. Try it now on Chrome for Android â†’ http://goo.gle/sodar and learn about WebXR at http://web.dev/web-ar/,1266113867370897409,betterdanthis,
2020-05-28 18:18:33+00:00,#covid19 #coronavirus #coronapocalypse #socialdistancing #staysafeeveryone #staysafe #lockdown #circuitbreaker #pandemic,1266071378509221889,palmerdebra,
2020-05-28 18:03:14+00:00,"People this thread are shockingly Domdomdom. Julius is not thrashing Churches, he is questioning the logic of opening Churches but closing restaurants which are more easier to enforce social distancing and basic hygiene. He is not saying close churches, he is saying open cafes",1266067522547265537,Protymes,
2020-05-28 17:40:41+00:00,"US death toll to Covid19 surges past 100,000 as the country reopens. Singapore reopens next week, albeit in 3 distinct phases. A new normal greets us all. #SocialDistancing",1266061848320696320,Googooboyy,
2020-05-28 16:57:32+00:00,"You know how certain music can trigger memories of certain time(s) in your life, be it good or bad. Alice Cooper's Poison takes me back to a time before social distancing, just me &amp; the boys piss drunk at a pre-show singing loudly ğŸ–¤",1266050990030991360,thecountess_,
2020-05-28 16:55:45+00:00,"People saying lockdown should end tell us of how difficult social distancing and staying home is for poor &amp; vulnerable people, but also tell us that the same people have the means to take protective measures on their own. Well many dont, and areng even sure why they should.",1266050541550960646,tessie18,
2020-05-28 16:41:16+00:00,"I kinda like the social distancing implemented at crowded place. Takyah tolak tolak dah, and can have so much space for ourselves. Finally.",1266046897321504770,Nursheda,
2020-05-28 16:03:48+00:00,Okay social distancing is important kids but hyeop &amp; minseo ?? ğŸ˜‚ ,1266037468333129728,seongyunho_,
2020-05-28 15:58:23+00:00,Kitorg esok ada training online. Tc yg area selangor dah balik dah diorg kena prepare utk bukak daycare. Cer bygkan budak boleh ke buat social distancingğŸ˜‚,1266036101879263232,nisaazharr,
2020-05-28 15:52:42+00:00,"More to the point, imagine if we got a few fans in at our next away game with the old â€œCanâ€™t Ban a Chelsea Fan flag?â€ Responsible social distancing of course ! ğŸ˜‚",1266034671986503681,Codeye67,
2020-05-28 15:47:26+00:00,"Social distancing doesn't mean to be alone. You should maintain social distance to keep yourself protected from Covid-19. But you can always keep yourself connected with your friends and family, even you can start searching your life partner on these days. ",1266033347915964417,MdeMatch,
2020-05-28 15:01:33+00:00,"Isn't this about SOPs in phased manner 2 increase social distancing rather than calling a lockdown? It's pretty obvious anyway that 4 economies 2 restart, social distancing SOPs r mandatory that can save lives and help stimulate economy too. Lockdowns, will kill economies anyway.",1266021802670612480,qkhan91,
2020-05-28 14:57:04+00:00,Social distancing conversation. This is how I am an expert. ,1266020671416446977,sarahcoldheart,
2020-05-28 14:47:08+00:00,she usually hangs out with me but in a social distancing way hahahahah it has to be at least one metre away,1266018172584382464,sarahcoldheart,
2020-05-28 14:41:20+00:00,"Non-Black POCs, if up till now you've never spoken up for Black people, your activism is performative. It shouldn't take a Black person dying for us to address these issues. Do better. Dismantling anti-blackness should be a continuous effort.",1266016714333945856,FirSholehan,
2020-05-28 14:39:27+00:00,Yes. Around a braai with 1.5 meters social distancing,1266016240004464640,tessie18,
2020-05-28 13:46:35+00:00,"Things to do with the kids #69 Teaching the #cats the art of #socialdistancing and how to #stayathome #exerciseindoors ""Titus?"" ""I don't feel well."" ""What's wrong?"" ""Mum sketched a bee the other day."" ""Yes,â€¦ https://www.instagram.com/p/CAu9V3Envmx/?igshid=t368xi9anp7p",1266002936158736385,BrooksBooksCo,
2020-05-28 13:44:20+00:00,wheres the social distancing in this ,1266002369419984896,shhrnshh,
2020-05-28 12:52:15+00:00,"Due to this special period, there will be social distancing measures in place in the SNH48 theater in terms of the seating arrangement. Fans will be seated a seat apart from one another and for the standing area, there will be special markups denoting the area they stand. ",1265989261712482304,snh48g_wikia,
2020-05-28 12:51:38+00:00,Filming in the Philippines. Mask onâœ”social distancing in placeâœ” ,1265989106095407106,ShehzadHameed,
2020-05-28 12:43:34+00:00,23æ—¥é€£ç¶šã‚¼ãƒ­ã§ã‚‚åƒ…ã‹6æ—¥é–“ã§éå»æœ€å¤§ã®æ„ŸæŸ“è€…æ•°ã‚’è¨˜éŒ²ã—ãŸåŒ—ä¹å·å¸‚ã€‚ãªã®ã§æœ¬å½“ã«ã‚¼ãƒ­ã«æŒã£ã¦ã„ããŸã‚ã«ã¯æ—¥æœ¬å…¨å›½ã§é€”æ–¹ã‚‚ãªã„åŠªåŠ›ãŒå¿…è¦ã«ãªã‚‹ã€‚å€‹äººæƒ…å ±ä¿è­·ã‚¬ãƒ³ç„¡è¦–ã§ITåˆ©ç”¨ã®å¼·åŠ›ãªå¯¾ç­–ã‚’æ•·ãã‹ã€Social distancing ã¨ä¸€éƒ¨æ¥­ç•Œã®ä¼‘æ¥­è¦è«‹ã‚’ç¶šã‘ã¦ã„ãã—ã‹ã‚ã‚Šã¾ã›ã‚“ã€‚ ,1265987074148073478,masan2014,
2020-05-28 12:35:46+00:00,"LOGIC, REASON & EXPOSING LIES â˜‘ï¸ If Masks Work, Then Why are we Social Distancing â“ â˜‘ï¸ If Social Distancing works, then Why are we wearing masks â“ â˜‘ï¸ If Masks &amp; Social Distancing Work, Then Why Are Our Businesses Closedâ“",1265985114007199745,Eric_J_Brooks,
2020-05-28 12:05:05+00:00,"Mew: Come closer~ Gulf: No, we need to show we are doing social distancing ~ But in real life... ğŸ¤£ğŸ¤£ğŸ¤£ #TharnTypeTheSeriesSS2",1265977390380937219,marlkwt,
2020-05-28 12:01:50+00:00,We're all in this together. Let's practice social distancing and make sure to keep your masks on when out in public areas. #laebet #ä¹åš #lae #åšå½©å¨±ä¹å°±é€‰ä¹åšLAEBET #covid19,1265976571741065217,laebetofficial,
2020-05-28 12:01:34+00:00,That's true. I was referring more to him not making friends for 4 years. But social distancing in university is quite sad.,1265976506846556160,YeoYeHang,
2020-05-28 11:56:21+00:00,finally social distancing ğŸ¤£ğŸ¤£ğŸ¤£ ,1265975193471614977,Ehwaz94,
2020-05-28 11:43:54+00:00,Okay Twitter for iPhone,1265972061777694720,saran_anandan_,
2020-05-28 11:24:26+00:00,"Nah, gua lagi fokus social distancing... Sabar ya ğŸ˜",1265967161417191424,saifalibahri,
2020-05-28 11:19:44+00:00,Lets follow strict social distancing to defend covid-19 and stand for India.Stay home..Stay safe... http://www.clifit.ai,1265965978245976065,AiClifit,
2020-05-28 10:35:33+00:00,White people using This Is America as the audio for their tiktoks defending cops be goofy af ğŸ¤¡ like he's talking about y'all crackers,1265954861125824513,saran_anandan_,
2020-05-28 10:32:33+00:00,Facts,1265954105068941313,FirSholehan,
2020-05-28 10:30:00+00:00,"The Bellagio, New York-New York, Caesars Palace and the Flamingo are some of the resorts that will open their doors on June 4, with strict social distancing practices in effect. ",1265953463478874114,YahooSG,
2020-05-28 10:14:51+00:00,Yasir are you complaining ? Isnâ€™t this about social distancing. ,1265949651053641728,SAdenwala,
2020-05-28 09:39:02+00:00,you forgot to mention in the haunted house the ghost need to maintain their social distancing as well when scaring visitors! ğŸ˜‚ğŸ‘» ,1265940638454804480,zhihaocheong,
2020-05-28 09:38:32+00:00,Does social distancing even exist?? I-,1265940509664505857,kh1r45,
2020-05-28 07:40:03+00:00,"No one, I repeat NO ONE was practising any form of social distancing in #tampines1 or #tampinesmall #notgoingthereagainuntilfurthernotice",1265910693171089408,WThotz,
2020-05-28 05:55:52+00:00,repost: design you trust #SocialDistancing ,1265884475801530368,HeartBali,
2020-05-28 03:26:57+00:00,Please. Maintain social. Distancing and keep safe for all,1265847000085348353,KassimARah,
2020-05-27 17:34:12+00:00,Already social distancing before it was cool,1265697828564697088,FathinHamdala,
2020-05-27 13:34:41+00:00,Too soon? Design idea after spending a few minutes on Adobe Illustrator today. #antisocialsocialclub #socialdistancing #fuckcovid,1265637550065979394,RAWepics,
2020-05-27 12:13:43+00:00,Excuse me maam nakaClose po ang Park for mageexercise lang. observe social distancing pls,1265617174141366272,GenesitKUN,
2020-05-27 10:55:39+00:00,social distancing &lt;1.5 meters&gt; â€“ at Yale-NUS College,1265597530663817217,jaysonberbasa,
2020-05-27 04:40:47+00:00,Missing the life pre #socialdistancing life. ğŸ’ƒ With #designer @charlottes_web. This is exactly eight years ago! #gorgeousshoes ğŸ‘ ğŸ‘¡ğŸ‘¢ğŸ‘¡ğŸ‘  @Paragon Shopping Centre https://www.instagram.com/p/CAraFSdHQae/?igshid=1mvyn76gkm19l,1265503190440718339,chloechotv,
2020-05-26 14:11:11+00:00,Atleast your brows can maintain social distancing laa tu,1265284350335045632,PuvenTirren,
2020-05-26 13:05:33+00:00,new dish! #crcheers #quircsingapore #homemademeals #safedistancing #covid19 #sutchifish #socialdistancing @Evania https://www.instagram.com/p/CApvDikHbFD/?igshid=1hvk54n0w4fuy,1265267831475712000,QUIRC_Singapore,
2020-05-26 10:37:02+00:00,Social distancing at 0:41,1265230458742325255,ashfronaut,
2020-05-26 05:18:27+00:00,Makan dekat selera pindang foodcourt JBCC macam jawab exam SPM dalam dewan ye. ğŸ˜…ğŸ˜…ğŸ˜… #COVID19malaysia #selerapindangjbcc #SocialDistancing â€“ at Selera Pindang (Food Court),1265150281962020864,eqhbarzulkiflee,
2020-05-26 03:56:10+00:00,A great way to frame our thinking around social distancing @griffiths_jude,1265129574150467584,KerrylHowarth,
2020-05-26 02:38:22+00:00,"Ape sia circuit breaker social distancing isolation suddenly half of 2020 is over like HUH next thing you know I'm 87 with 3 teeth left, struggling to tweet because arthritis",1265109994761904128,deesaffelstein,
2020-05-26 02:31:28+00:00,Social distancing is an essential way to slow down the spread of COVID-19. And it's important that you follow the social distancing recommendations. Our Stickers are laminated and scratch proof with Anti Skidâ€¦ https://www.instagram.com/p/CAomfZ5lO9P/?igshid=11yfk9zt1rhn0,1265108259024879618,SignaramaCBD,
2020-05-26 01:06:49+00:00,ok where is the social distancing in this polyclinic xD,1265086957895344128,herniepotter,
2020-05-25 20:34:04+00:00,"Selamat Hari Raya Aidilfitri! (Happy Eid al-Fitr) Wishing to my family, friends a health and have a blessed celebration with your loved ones, last not least stay safe! âœ¨ ğŸ•Œ #SocialDistancing #Covid19 #HariRaya2020â€¦ https://www.instagram.com/p/CAn9lfCpp5-/?igshid=gw6bruc254n3",1265018319637295106,fainonline,
2020-05-25 15:38:34+00:00,"Friendships While Social Distancing ğŸ’“ During this pandemic period, some of us might feel being isolated. Sometimes, a text message or giving a buzz to your friends or business associates just to say hello or takeâ€¦ https://www.instagram.com/p/CAnbxPNHYrE/?igshid=1wl69dc1vkb16",1264943952089747457,jennylee_2012,
2020-05-25 12:40:37+00:00,Nice! See you there! Social distancing style ,1264899170839621632,saefarq,
2020-05-25 09:09:38+00:00,"Iâ€™ve been â€œsocial distancingâ€ from people and i kinda need it. Cause i always feel like Iâ€™ve put a lot of my energy for people and itâ€™s tiring. Just those people that is dear to me. Other than that, goodbye for now yall.",1264846074721652736,aisxsmt,
2020-05-25 08:37:59+00:00,Social distancing? Working-class people don't have that luxury | Francine Prose ,1264838109310496769,solomusafir,
2020-05-25 01:38:42+00:00,1m social distancing with the first one and 295km social distancing with the other 6 but everyone has no distance in my heartğŸ˜â¤ï¸ ,1264732593536172032,addaafendi,
2020-05-24 21:29:20+00:00,"Where's the Mask, Where's the Social Distancing? #report ğŸ˜‚",1264669840213606400,AnAngrySnatch,
2020-05-24 17:19:12+00:00,Selamat hari raya Aidilfitri maaf zahir dan batin âœ¨â­ï¸ #coveidmubarak #raya2020 #socialdistancing #vscocam @Johor Bahru https://www.instagram.com/p/CAlCfi4Fc9b-v7lQ6zDCTIwFTE9UqDGFTmigbc0/?igshid=ow9jsk4glulo,1264606889360404482,syafisani,
2020-05-24 14:35:14+00:00,"Wooo nice, each of them have a buggy under their own logo or name! Awesome! Social Distancing!",1264565627412377601,GeraldSum68,
2020-05-24 13:56:55+00:00,Experiencing #cabinfever due to #socialdistancing or #selfquarantine in the wake of #covid19 #whencanweflyagain #windowseat #missthailand #missminnie #husbandandwife #stayhome #staysafe #wfh #family @Singapore https://www.instagram.com/p/CAkrWEMH6lw/?igshid=16x06rjrq3cbd,1264555985689022464,bernardlim108,
2020-05-24 12:57:57+00:00,"social distancing robots in my countryâ€™s park, weâ€™re living in a black mirror episode. ",1264541145222144000,carolrogerstark,
2020-05-24 09:52:53+00:00,"From social distancing to no distance real quick ğŸ¤ª Selamat Hari Raya from #teamblack @Pasir Gudang, Johor, Malaysia https://www.instagram.com/p/CAkPasyFkAYkFaycKEvLpYd-GtflZq54bENYlI0/?igshid=poxwxvk2s0yi",1264494568680173574,ukhairyani,
2020-05-24 08:36:00+00:00,"Selamat Hari (Zoom) Raya #Aidilfitri 2020! ğŸ›ğŸšğŸ§ğŸ¥¤ #socialdistancing #circuitbreaker @Jurong West, Singapore https://www.instagram.com/p/CAkGnrLlnok/?igshid=n5m552j2f3t5",1264475224206184448,sinandservice,
2020-05-24 08:34:44+00:00,"Selamat Hari (Zoom) Raya #Aidilfitri 2020! ğŸ›ğŸšğŸ§ğŸ¥¤ #socialdistancing #circuitbreaker @Jurong West, Singapore https://www.instagram.com/p/CAkGeNRlA2g/?igshid=1v6b8k5125xao",1264474903539003393,sinandservice,
2020-05-24 08:26:28+00:00,Raya PKPB style. Social distancing with @norachikot ğŸ˜ #TeamTamanPulai #CovEidMubarak2020,1264472822505586688,Fazd_Lynn,
2020-05-24 05:06:29+00:00,Is it true that thereâ€™re social distancing ambassadors being deployed to catch errant Singaporeans who are out to â€œjalan rayaâ€? ğŸ¤”,1264422497069359104,gurukulshanti,
2020-05-24 02:05:24+00:00,Have you got the message?? #socialdistancing . . . #birdsofinstagram #birdsofig #birds #birds_captures #birds_adored #birding_lounge #birdingphotography #birding_photography #backyardbirding #thebirdingsquadâ€¦ https://www.instagram.com/p/CAjZ6twHwze/?igshid=1lwzgd1vrhlk4,1264376923267796992,SingaporeBong,
2020-05-24 00:43:46+00:00,Pseudoscops Team like to wishes all our muslim friends a Salamat Hari Raya AidilFitri. Have a wonderful day ahead! Let's continue to celebrate at home and keep our social distancing. @Pseudoscops https://www.instagram.com/p/CAjQk29HSLF/?igshid=1eyr2ftoy2gtk,1264356381076983810,SGPseudoscops,
2020-05-23 15:40:11+00:00,Happy birthday DeepikağŸ‚ and Manoj ğŸ‚ . #SocialDistancing . Page 144 of 366 ,1264219585131147269,squeezit,
2020-05-23 13:30:50+00:00,"A VERY #BIG #WAKEup #TO #THOSE #WHO â€œ #DONTknow â€œ etc #YOUNG #SOCIALdistancing / #SAFEdistancing , âœ¨ğŸŒŸ #DESPITE #INDIVIDUAL , #EVERYBODY , #NATION â€˜s #EFFORTS #GOODthoughts #GOODthoughtTIANomg #TO #KEEP #SINGAPORE â€¢â€¢â€¦ https://www.instagram.com/p/CAiDkBWBKzK/?igshid=j07gfjzzwd3z",1264187032127057921,nigel_elijah,
2020-05-23 13:07:35+00:00,"â£â£ â£â£ Haaiii.... SH LOVERSâ£ â£ Ga kerasa yaa besok udah lebaran, semoga semuanya sehat dan dalam lindungan Allah swt Aminn.. ğŸ¤²â£ â£ Dan jangan lupa tetap patuhi peraturan pemerintah, â£ Social Distancing, Mengunakanâ€¦ https://www.instagram.com/p/CAiA527lo3v/?igshid=1p3mufghbne35",1264181182725591040,yuseno_sb,
2020-05-23 09:48:31+00:00,"A VERY #BIG #WAKEup #TO #THOSE #WHO â€œ #DONTknow â€œ etc #YOUNG #SOCIALdistancing / #SAFEdistancing , âœ¨ğŸŒŸ #DESPITE #INDIVIDUAL , #EVERYBODY , #NATION â€˜s #EFFORTS #GOODthoughts #GOODthoughtTIANomg #TO #KEEP #SINGAPORE â€¢â€¢â€¦ https://www.instagram.com/p/CAhqHtuhCCw/?igshid=bfx7354o0rz9",1264131082653437952,nigel_elijah,
2020-05-23 09:44:12+00:00,"A VERY #BIG #WAKEup #TO #THOSE #WHO â€œ #DONTknow â€œ etc #YOUNG #SOCIALdistancing / #SAFEdistancing , âœ¨ğŸŒŸ #DESPITE #INDIVIDUAL , #EVERYBODY , #NATION â€˜s #EFFORTS #GOODthoughts #GOODthoughtTIANomg #TO #KEEP #SINGAPOREâ€¦ https://www.instagram.com/p/CAhpoKEBwbh/?igshid=1ckw2f6o2gl2j",1264129997800910849,nigel_elijah,
2020-05-23 09:41:28+00:00,"A VERY #BIG #WAKEup #TO #THOSE #WHO â€œ #DONTknow â€œ etc #YOUNG #SOCIALdistancing / #SAFEdistancing , âœ¨ğŸŒŸ #DESPITE #INDIVIDUAL , #EVERYBODY , #NATION â€˜s #EFFORTS #GOODthoughts #GOODthoughtTIANomg #TO #KEEP #SINGAPOREâ€¦ https://www.instagram.com/p/CAhpULGhpi3/?igshid=17rquhuub0z35",1264129310551670784,nigel_elijah,
2020-05-23 06:32:32+00:00,Adapt and life goes on.. #newnormal #socialdistancing @Fairprice Xtra at Ang Mo Kio Hub https://www.instagram.com/p/CAhTsXup5aG/?igshid=fzvw79yd8lvj,1264081761413115904,simon_loh,
2020-05-22 23:29:58+00:00,"A VERY #BIG #WAKEup #TO #THOSE #WHO â€œ #DONTknow â€œ etc #YOUNG #SOCIALdistancing / #SAFEdistancing , âœ¨ğŸŒŸ #DESPITE #INDIVIDUAL , #EVERYBODY , #NATION â€˜s #EFFORTS #GOODthoughts #GOODthoughtTIANomg #TO #KEEP #SINGAPOREâ€¦ https://www.instagram.com/p/CAgjVZMnmSF/?igshid=1n2ey6uqkltcl",1263975420556447744,nigel_elijah,
2020-05-22 04:22:15+00:00,Making emotionally-appealing use of spaces and social distancing: ,1263686587902160897,drostontang,
2020-05-21 19:48:51+00:00,@kapitan809 cckcapitan @kapitan809 #AnotherWannabe #scuderiaferrari #kimi7ğŸ‡«ğŸ‡® #NumberOneFan of the #IceManKimi #suzukiswiftrs2017 #SunGlasses #Covid19Singapore #SocialDistancing #AntiSocial #drivealoneğŸ™ŒğŸš—â€¦ https://www.instagram.com/p/CAdlO9Tn0D3/?igshid=jhwfrvyr0mbl,1263557386633125888,kapitan809,
2020-05-21 13:21:21+00:00,"Airlines will have to spend to Ensure the SOPâ€™s are followed, social@distancing measures are adhered to which means they will operate with around 50% capacity and at a higher operating cost. Itâ€™s a business, if you want charity, you need a course correction. 2/",1263459870646255626,himanshu2904,
2020-05-21 12:01:24+00:00,"Insight ğŸ—£: One of the biggest anxieties of social distancing is being unable to control the actions of other people. Idea ğŸ’¡: @BurgerKing_IT launched Social Distancing Whopper, with 3 times the onions for a pungent reminder to stay away. ",1263439747654971394,danibogo,
2020-05-21 11:25:57+00:00,Social distancing macam apa ini?ğŸ¤£ ,1263430829889302530,Irhamprabowo_11,
2020-05-21 11:25:08+00:00,Social distancing? MehhhğŸ˜‘ â€“ at Marugame Udon &amp; Tempura,1263430621243695104,Irhamprabowo_11,
2020-05-21 09:39:36+00:00,can this social distancing thing be like forever so tht boomers wouldnt be sitting beside me in the bus or train pls,1263404064328433665,shmnabd,
2020-05-21 05:41:53+00:00,Poor Chai! Doesnâ€™t pay to be friendly in these days of social distancing!,1263344241645768710,laavy_k,
2020-05-20 22:36:34+00:00,What is social distancing and wearing mask all the time at work lmao,1263237208472862722,hidayatrafii,
2020-05-20 15:02:35+00:00,28Â°C / 18km /46mins Third outing with my #Specialized #Carbon #Sworks #Roubaix #Destress #Cycling #Ride #StaySolo #SocialDistancing #StayLocal #SocialDistancingRoute #Destress #Cycling #Ride @Singapore https://www.instagram.com/p/CAafrU-HukE/?igshid=h80co7yov41v,1263122959637635076,hong_9tro,
2020-05-20 05:45:23+00:00,"A VERY #BIG #WAKEup #TO #THOSE #WHO â€œ #DONTknow â€œ etc #YOUNG #SOCIALdistancing / #SAFEdistancing , âœ¨ğŸŒŸ #DESPITE #INDIVIDUAL , #EVERYBODY , #NATION â€˜s #EFFORTS #GOODthoughts #GOODthoughtTIANomg #TO #KEEP #SINGAPORE â€¢â€¢â€¦ https://www.instagram.com/p/CAZe1fihNSa/?igshid=bimsnd9he8o1",1262982735347367937,nigel_elijah,
2020-05-20 05:43:56+00:00,"A VERY #BIG #WAKEup #TO #THOSE #WHO â€œ #DONTknow â€œ etc #YOUNG #SOCIALdistancing / #SAFEdistancing , âœ¨ğŸŒŸ #DESPITE #INDIVIDUAL , #EVERYBODY , #NATION â€˜s #EFFORTS #GOODthoughts #GOODthoughtTIANomg #TO #KEEP #SINGAPOREâ€¦ https://www.instagram.com/p/CAZez_qn89O/?igshid=11q8gjtlxp2e9",1262982369017040897,nigel_elijah,
2020-05-20 05:40:56+00:00,"A VERY #BIG #WAKEup #TO #THOSE #WHO â€œ #DONTknow â€œ etc #YOUNG #SOCIALdistancing / #SAFEdistancing , âœ¨ğŸŒŸ #DESPITE #INDIVIDUAL , #EVERYBODY , #NATION â€˜s #EFFORTS #GOODthoughts #GOODthoughtTIANomg #TO #KEEP #SINGAPOREâ€¦ https://www.instagram.com/p/CAZezbQHeUV/?igshid=16ny4zm90f6dw",1262981615996764160,nigel_elijah,
2020-05-20 05:40:19+00:00,"A VERY #BIG #WAKEup #TO #THOSE #WHO â€œ #DONTknow â€œ etc #YOUNG #SOCIALdistancing / #SAFEdistancing , âœ¨ğŸŒŸ #DESPITE #INDIVIDUAL , #EVERYBODY , #NATION â€˜s #EFFORTS #GOODthoughts #GOODthoughtTIANomg #TO #KEEP #SINGAPORE â€¢â€¢â€¦ https://www.instagram.com/p/CAZe0i7Hjzn/?igshid=hbv6xrb1kk83",1262981458156806147,nigel_elijah,
2020-05-19 16:16:08+00:00,Social distancing rules #bbmirei @Hillview MRT Station https://www.instagram.com/p/CAYDTasHzCq/?igshid=jqrpb24lrvtq,1262779080086298633,booboogal,
2020-05-19 11:02:07+00:00,Social distancing pun lgi jauhğŸ˜­ğŸ˜­ ,1262700056538263554,zhrzainudin,
2020-05-19 09:03:18+00:00,Joy on Earth #crcheers #quircsingapore #ownselfpaint #safedistancing #covid19 #thingstodoathome #socialdistancing #oilpainting #britto #learnartagain @Evania https://www.instagram.com/p/CAXRxL3nexE/?igshid=1j1mur6w6p6u5,1262670152140808192,QUIRC_Singapore,
2020-05-19 07:56:36+00:00,Where tf is the social distancing??!! ,1262653365944643586,hidayatrafii,
2020-05-18 14:44:19+00:00,"Merindukan kemanaÂ² gosa pake masker, misa digereja selo aja salam damai, makan ga perlu social distancing, dan ngumpul ga direcokin RT RW..",1262393583795134472,csoktav,
2020-05-18 14:36:12+00:00,"few more hours to go, i welcome all friends under SHN, â€œWelcome to the Outside Worldâ€ ğŸ¥³ğŸ¥³ğŸ¥³ stay safe and healthy and observe social distancing",1262391542561624066,marcojune17,
2020-05-18 14:13:40+00:00,"A VERY #BIG #WAKEup #TO #THOSE #WHO â€œ #DONTknow â€œ etc #YOUNG #SOCIALdistancing / #SAFEdistancing , âœ¨ğŸŒŸ #DESPITE #INDIVIDUAL , #EVERYBODY , #NATION â€˜s #EFFORTS #GOODthoughts #GOODthoughtTIANomg #TO #KEEP #SINGAPORE â€¢â€¢â€¦ https://www.instagram.com/p/CAU8a6uH9cg/?igshid=ivc12c159e59",1262385872399413252,nigel_elijah,
2020-05-18 13:24:37+00:00,"Pl refer our earlier tweets . Name on list is required . Those on d list will hear from us & Air India through emails , calls . Please do not visit Air India office unless u receive some communication from us regarding ticket. Crowding will jeopardise this Op. #SocialDistancing",1262373528906747905,IndiainSingapor,
2020-05-18 09:30:33+00:00,"A VERY #BIG #WAKEup #TO #THOSE #WHO â€œ #DONTknow â€œ etc #YOUNG #SOCIALdistancing / #SAFEdistancing , âœ¨ğŸŒŸ #DESPITE #INDIVIDUAL , #EVERYBODY , #NATION â€˜s #EFFORTS #GOODthoughts #GOODthoughtTIANomg #TO #KEEP #SINGAPOREâ€¦ https://www.instagram.com/p/CAUG3l5njov/?igshid=1vczxyutz8klb",1262314623820275712,nigel_elijah,
2020-05-18 07:36:45+00:00,"A VERY #BIG #WAKEup #TO #THOSE #WHO â€œ #DONTknow â€œ etc #YOUNG #SOCIALdistancing / #SAFEdistancing , âœ¨ğŸŒŸ #DESPITE #INDIVIDUAL , #EVERYBODY , #NATION â€˜s #EFFORTS #GOODthoughts #GOODthoughtTIANomg #TO #KEEP #SINGAPOREâ€¦ https://www.instagram.com/p/CAPWrTonQYp/?igshid=1lh5wkwjbsxjh",1262285983707549696,nigel_elijah,
2020-05-18 05:15:16+00:00,Now thereâ€™s a damn good idea but obviously strict social distancing measures have to be adhered to @realdeepgupta ğŸ˜‚ğŸ˜¢ğŸ˜³what day you @Maurizio ?,1262250377996496899,jasondlp,
2020-05-18 04:52:36+00:00,I hope the maknae is not beating himself up for this. He doesnâ€™t have too. Considering Korea had lifted the lockdown and was relaxing the social distancing a bit. Iâ€™m also glad that him and the other boys were tested negative and are safe. Thatâ€™s all that matters.,1262244675018035200,chanhanah,
2020-05-18 00:45:43+00:00,We will require more offices that encourage employees to come to the workplace once things start to normalise. A design that instills trust through wide open spaces that encourage social distancing and proper airâ€¦ https://www.instagram.com/p/CAT0BtontZE/?igshid=icnw1el08vfd,1262182543346094085,archt_pilande,
2020-05-17 23:56:33+00:00,Dude in the train going around harassing people because of social distancing lol like bitch you cannot see there's no fucking space in the fucking train???? There are people who need to go work fuckface think we so free keep waiting for next train??,1262170173189943296,aubsy_daisy,
2020-05-17 11:08:29+00:00,#SGUnited #SocialDistancing ,1261976880791486464,arshiya53297,
2020-05-17 05:17:52+00:00,"The various social distancing rules at #Singaporeâ€™s many teeny tiny provision shops &amp; #Chinese medicine stores ... limited number of shoppers (two at a time at this one), some with temperature checks and mandatory QR code scans when you enter so youâ€™re logged in the system.",1261888645855801344,cheryltan88,
2020-05-17 03:51:47+00:00,"harini dah boleh bayar zakat fitrah kat kaunter, ramainya yang datang ya Allah ğŸ˜­ kesian yg jaga kaunter. terpaksa panggil polis dtg sbb semua tak jaga social distancing. mohon sgt semua ikut SOP. taknak lah ada kluster baru. please la semua ğŸ˜­ kesiankan kami",1261866983676456960,zuhyrazack,
2020-05-17 03:25:48+00:00,Aku perati je time pkpb ada gi dating siap lepak kt lido. Hahahsh social distancing mmg tkde la hahsh setan pun tkleh menyelit kalau dh berkepit gitu.,1261860442294509569,zhrzainudin,
2020-05-17 00:33:12+00:00,Footballâ€™s new normal. Social distancing goal celebrations and empty stands. Certainly better than no football at all thatâ€™s for sure âš½ï¸ ,1261817008447877122,Jacko_AV,
2020-05-16 18:17:29+00:00,Hm jgn peluk2 kamal social distancing tau,1261722453132193792,hzmnrshm,
2020-05-16 14:44:06+00:00,Lots of social distancing jokes to complement the Dortmund-Schalke match.... .... .... .... .... .... .... .... .... .... .... At least theyâ€™re being spaced out on my TL,1261668755144228870,LeFalseNumber12,
2020-05-16 14:03:03+00:00,hahaha social distancing celebration. siala kau @ErlingHaaland,1261658425559154689,ltflhdi_,
2020-05-16 07:30:25+00:00,Aku pening dulu baca ni ğŸ˜­ taip je lah social distancing apa susah?? ğŸ˜¤,1261559615675826179,ezardzainal_,
2020-05-16 07:12:16+00:00,"A VERY #BIG #WAKEup #TO #THOSE #WHO â€œ #DONTknow â€œ etc #YOUNG #SOCIALdistancing / #SAFEdistancing , âœ¨ğŸŒŸ #DESPITE #INDIVIDUAL , #EVERYBODY , #NATION â€˜s #EFFORTS #GOODthoughts #GOODthoughtTIANomg #TO #KEEP #SINGAPORE â€¢â€¢â€¦ https://www.instagram.com/p/CAPWrTonQYp/?igshid=p2kcr6a24c7r",1261555049106456576,nigel_elijah,
2020-05-16 06:41:59+00:00,"A VERY #BIG #WAKEup #TO #THOSE #WHO â€œ #DONTknow â€œ etc #YOUNG #SOCIALdistancing / #SAFEdistancing , âœ¨ğŸŒŸ #DESPITE #INDIVIDUAL , #EVERYBODY , #NATION â€˜s #EFFORTS #GOODthoughts #GOODthoughtTIANomg #TO #KEEP #SINGAPOREâ€¦ https://www.instagram.com/p/CAPTNfmnIEG/?igshid=1x60xdp2i4r4g",1261547426109784065,nigel_elijah,
2020-05-16 06:32:10+00:00,"A VERY #BIG #WAKEup #TO #THOSE #WHO â€œ #DONTknow â€œ etc #YOUNG #SOCIALdistancing / #SAFEdistancing , âœ¨ğŸŒŸ #DESPITE #INDIVIDUAL , #EVERYBODY , #NATION â€˜s #EFFORTS #GOODthoughts #GOODthoughtTIANomg #TO #KEEP #SINGAPOREâ€¦ https://www.instagram.com/p/CAPR-XkHoTf/?igshid=10cicvqtytcgj",1261544956054908928,nigel_elijah,
2020-05-16 06:31:53+00:00,"A VERY #BIG #WAKEup #TO #THOSE #WHO â€œ #DONTknow â€œ etc #YOUNG #SOCIALdistancing / #SAFEdistancing , âœ¨ğŸŒŸ #DESPITE #INDIVIDUAL , #EVERYBODY , #NATION â€˜s #EFFORTS #GOODthoughts #GOODthoughtTIANomg #TO #KEEP #SINGAPORE â€¢â€¢â€¦ https://www.instagram.com/p/CAPR-XkHoTf/?igshid=gkeoqzishfld",1261544884768575490,nigel_elijah,
2020-05-16 03:08:39+00:00,"A VERY #BIG #WAKEup #TO #THOSE #WHO â€œ #DONTknow â€œ etc #YOUNG #SOCIALdistancing / #SAFEdistancing , âœ¨ğŸŒŸ #DESPITE #INDIVIDUAL , #EVERYBODY , #NATION â€˜s #EFFORTS #GOODthoughts #GOODthoughtTIANomg #TO #KEEP #SINGAPORE â€¢â€¢â€¦ https://www.instagram.com/p/CAO6u81BWYU/?igshid=pz47pi6vwf93",1261493738779676672,nigel_elijah,
2020-05-16 03:08:06+00:00,"A VERY #BIG #WAKEup #TO #THOSE #WHO â€œ #DONTknow â€œ etc #YOUNG #SOCIALdistancing / #SAFEdistancing , âœ¨ğŸŒŸ #DESPITE #INDIVIDUAL , #EVERYBODY , #NATION â€˜s #EFFORTS #GOODthoughts #GOODthoughtTIANomg #TO #KEEP #SINGAPORE â€¢â€¢â€¦ https://www.instagram.com/p/CAO6u81BWYU/?igshid=y9a0k13tnu1p",1261493600032108545,nigel_elijah,
2020-05-16 03:02:02+00:00,"A VERY #BIG #WAKEup #TO #THOSE #WHO â€œ #DONTknow â€œ etc #YOUNG #SOCIALdistancing / #SAFEdistancing , âœ¨ğŸŒŸ #DESPITE #INDIVIDUAL , #EVERYBODY , #NATION â€˜s #EFFORTS #GOODthoughts #GOODthoughtTIANomg #TO #KEEP #SINGAPORE â€¢â€¢â€¦ https://www.instagram.com/p/CAO6Cc7BqaL/?igshid=myizgrwfyp0j",1261492074609692672,nigel_elijah,
2020-05-15 23:59:47+00:00,"A VERY #BIG #WAKEup #TO #THOSE #WHO â€œ #DONTknow â€œ etc #YOUNG #SOCIALdistancing / #SAFEdistancing , âœ¨ğŸŒŸ #DESPITE #INDIVIDUAL , #EVERYBODY , #NATION â€˜s #EFFORTS #GOODthoughts #GOODthoughtTIANomg #TO #KEEP #SINGAPOREâ€¦ https://www.instagram.com/p/CAOlLpUhAmP/?igshid=1ma59x0zi1oto",1261446207471185949,nigel_elijah,
2020-05-15 13:06:24+00:00,"A VERY #BIG #WAKEup #TO #THOSE #WHO â€œ #DONTknow â€œ etc #YOUNG #SOCIALdistancing / #SAFEdistancing , âœ¨ğŸŒŸ #DESPITE #INDIVIDUAL , #EVERYBODY , #NATION â€˜s #EFFORTS #GOODthoughts #GOODthoughtTIANomg #TO #KEEP #SINGAPORE â€¢â€¢â€¦ https://www.instagram.com/p/CANaZ_yhQfW/?igshid=t8h4huj5sj3b",1261281782059749377,nigel_elijah,
2020-05-15 11:03:14+00:00,socialdistancing with a canine... @Singapore https://www.instagram.com/p/CANMUDzJ1_0/?igshid=41rqeb49gyq,1261250785507069953,Saniroz,
2020-05-15 10:00:47+00:00,â€œKeep calm and stay safeâ€ . . . . . . . . . #instagram #instagrammers #covid19pandemic #socialdistancing #prayfortheworld #pkpb #johorbahru #igersmalaysia #instagrammalaysia #igersworldwide #instagramworldâ€¦ https://www.instagram.com/p/CANFKglH0zM/?igshid=9nobowyere3c,1261235066631569409,SacredlyMe,
2020-05-15 01:41:27+00:00,Ketegaq naaa tak ikut sop. Takda social distancing ni ambui dia â˜ğŸ» #tartc4dbury @Johor Bahru https://www.instagram.com/p/CAMMBXXDBOC/?igshid=1c7404qrdozs5,1261109406462119936,AuntyMiwa,
2020-05-14 04:27:11+00:00,"Thank you Mamy veralimardjo buat kiriman paketnya ğŸğŸŒ· â€¢ Stay Safe, stay healthy, keluar rumah yang penting-penting aja, dan tetap jaga standar SOP social distancing, physical distancingâ€¦ https://www.instagram.com/p/CAJ6HeIlB5Hos8_a7htcWAfvlYzE7HsND2RhRg0/?igshid=hdl1srs57bty",1260788728563404802,lidyagerungan7,
2020-05-14 03:26:15+00:00,Social distancing already existed in May last year; who knew? ,1260773392153636870,Joel_zzz,
2020-05-14 03:02:32+00:00,"Buildings, please practice social distancing too ! @Singapore https://www.instagram.com/p/CAJwgYNHIHH/?igshid=e6abepqtbdxg",1260767423407566848,ericmancini,
2020-05-13 23:00:27+00:00,"26Â°C / 15.5km / 36mins morning sunrise quickie: second outing with my new #Specialized #Carbon #Sworks #Roubaix #Destress #Cycling #Ride #StaySolo #SocialDistancing #StayLocal #SocialDistancingRoute @Ang Mo Kio,â€¦ https://www.instagram.com/p/CAJUzQnHuSf/?igshid=3u2jychslzti",1260706502446366722,hong_9tro,
2020-05-13 19:45:23+00:00,"Robots are being used to ensure social distancing in a Singapore park ğŸ¤– Boston Dynamicsâ€™ four-legged robot is fitted with cameras that estimate number of people, sensors that identify their distance, and also allows the government to broadcast public safety messages. ",1260657412651941888,brechuka,
2020-05-13 12:49:42+00:00,Anybody else got ğŸ¤– dogs in their area on social distancing patrol? ,1260552803644141568,bluestarbbasia,
2020-05-13 07:12:02+00:00,"How good is to see @MarkAllenGolf back out at a golf club. Great message Mark and congrats on fighting successfully for your health - inspiring. And yes, letâ€™s keep our social distancing in place so no one can accuse us of being irresponsible. ",1260467825841508352,SimonTB4,
2020-05-13 05:03:36+00:00,#socialdistancing ğŸ“· museum in the Times of Coronavirus? @Singapore https://www.instagram.com/p/CAHZkUiHO0q/?igshid=ue2ihnqbg81n,1260435503515668480,reviveramesh,
2020-05-13 02:23:16+00:00,"We can't wait to see you in Singapore again. ğŸ‡¸ğŸ‡¬ For now, lets stay safe by staying at home, wearing a mask when going out, washing our hands regularly, and practicing social distancing at all times.ğŸ’¯ #singapore #passionmadepossible #touristattractions #sgunited #circuitbreaker",1260395154902376448,TravelThoughtsg,
2020-05-13 02:20:41+00:00,"We can't wait to see you in Singapore again. ğŸ‡¸ğŸ‡¬ For now, lets stay safe by staying at home, wearing a mask when going out, washing our hands regularly, and practicing social distancing at all times.ğŸ’¯ #singapore #passionmadepossible #touristattractions #sgunited #circuitbreaker",1260394502948220928,TravelThoughtsg,
2020-05-12 11:19:32+00:00,"Ggradute narin ako soon sa kursong,bachelor of science in enhance community quarantine major in social distancing. ğŸ˜‚ğŸ˜…",1260167722115063808,tin04_05,
2020-05-12 05:19:55+00:00,This airplane seat design helps you socially distance on board #Travel #SocialDistancing https://www.cnn.com/travel/article/planbay-seat-design-socially-distance-aviation/index.html via @CNNTravel,1260077220992700419,RCogsie,
2020-05-12 04:25:49+00:00,"I miss this, does skydiving count as social distancing ğŸ¥º ",1260063605862486017,lucy_guo,
2020-05-12 00:52:46+00:00,Wah dah boleh pergi shopping yang penting kene jaga social distancing masing masing,1260009990791651330,ayien_aen,
2020-05-12 00:04:21+00:00,"Booking open today for AI 1377 to Bengaluru scheduled tmrw, May 13. (seats 141eco+08 biz) Only for residents of Karnataka. Those on the list will hear from us and Air India. Get your tickets at AI office on Coleman Street. Maintain social distancing in queueğŸ™#VandeBharatMission",1259997807567486978,IndiainSingapor,
2020-05-11 22:21:44+00:00,"ä¼šã„ãŸã‹ã£ãŸã€‚// Youâ€™ve been missed. Welcome back. You all who have been queuing up when Mac reopen better donâ€™t be cb and forget about the social distancing rules eh. Patient k, usually the staff there I see like mostlyâ€¦ https://www.instagram.com/p/CAEGyERBAaK/?igshid=1sdf7wcmvbsyb",1259971983791579140,artiearty,
2020-05-11 17:03:55+00:00,want me kenna fine right social distancing la stay at home,1259891999798255616,pavethraxx,
2020-05-11 16:31:28+00:00,The Force is strong with @HamillHimself. He started social distancing in TLJ when dealing with Kylo Ren on Crait. ,1259883834465595394,theartofmezame,
2020-05-11 14:29:49+00:00,"@narendramodi Dear Sir, Covid is an opportunity to stop Betel Chewing and spitting. Rail fares also must be increased to allow for social distancing. No extra people should enter platform in stations. This will be a huge relief.",1259853223055241217,Narasim20561265,
2020-05-11 12:55:13+00:00,"To you it isnt. If these folks stayed in their cars, practiced social distancing by being 6ft from the next patron of the pick up place then to them theyre within the ordinance and yesterday is your new normal.",1259829412964401152,kikaytrekkie,
2020-05-11 11:56:42+00:00,"Happy birthday David! ğŸ¥³ We met up with a couple other families for a surprise birthday lunch at the local grocery store's pizzaria. To accommodate social distancing, all tables are at half capacity. So a four personâ€¦ https://www.instagram.com/p/CAC_QIBFDVw/?igshid=16vk8b7tzgcz8",1259814686071181312,brodicole,
2020-05-11 11:43:59+00:00,dinner tonight!!! #crcheers #quircsingapore #homemademeals #safedistancing #covid19 #unagieggandsoup #socialdistancing @Evania https://www.instagram.com/p/CAC9zH0nTFn/?igshid=x2mqqn0assus,1259811488400904193,QUIRC_Singapore,
2020-05-11 09:59:53+00:00,"Our customizable ""Social Distancing"" floor stickers remind customers to stay 1m apart to slow the spread of the Corona Virus in your business or Retail Store. #Practicesocialdistancing #socialdistancing #covid19â€¦ https://www.instagram.com/p/CACx3HGFZES/?igshid=71pbqislg9s7",1259785288735264773,SignaramaCBD,
2020-05-11 05:19:12+00:00,All alone in this section of the MRT train cabin. #SocialDistancing in public transport. â€“ at Raffles Place MRT Interchange (EW14/NS26),1259714654890102785,Farna,
2020-05-11 02:54:16+00:00,Good to see early birds and in social distancing mode ... ğŸ‘Œ We hope all will get tickets and the flight will be full today . ğŸ™,1259678180907966466,IndiainSingapor,
2020-05-11 01:37:35+00:00,"Masa ziarah raya nanti mak ayah kena pandai kawal pergerakan anak-anak kecil, sebab mereka masih tak faham maksud penjarakan sosial (social distancing). Sekian status hari raya menjelang kemasukan ke fasa ketiga Ramadhan. #kitajagakita #ramadhan1441h",1259658881963143170,hamizimasduki,
2020-05-10 13:45:32+00:00,"ğŸ‡¸ğŸ‡¬ à¸ªà¸´à¸‡à¸„à¹‚à¸›à¸£à¹Œà¸”à¸¹à¸—à¸£à¸‡à¹à¸¥à¹‰à¸§à¸–à¹‰à¸²à¸ˆà¸°à¸‰à¸¸à¸”à¹„à¸¡à¹ˆà¸­à¸¢à¸¹à¹ˆ 6 à¸à¸¥à¸¸à¹ˆà¸¡à¹€à¸ªà¸µà¹ˆà¸¢à¸‡à¸—à¸µà¹ˆà¸à¸šà¸à¸²à¸£à¸£à¸°à¸šà¸²à¸” à¹„à¸”à¹‰à¹à¸à¹ˆ à¸«à¸­à¸à¸±à¸à¸„à¸™à¸‡à¸²à¸™à¸•à¹ˆà¸²à¸‡à¸”à¹‰à¸²à¸§, à¸„à¸™à¸ªà¸´à¸‡à¸„à¹Œà¸•à¸´à¸”à¸¡à¸²à¸ˆà¸²à¸à¸•à¹ˆà¸²à¸‡à¸›à¸£à¸°à¹€à¸—à¸¨, à¸„à¸™à¸—à¸µà¹ˆà¸«à¸¢à¹ˆà¸­à¸™à¸à¸ social distancing, à¸šà¹‰à¸²à¸™à¸à¸±à¸à¸„à¸™à¸Šà¸£à¸²à¹à¸¥à¸°à¸§à¸‡à¸™à¹‰à¸³à¸Šà¸², à¹€à¸™à¸­à¸ªà¹€à¸‹à¸­à¸£à¸µà¹ˆ à¹à¸¥à¸°à¸—à¸µà¹ˆà¸—à¸³à¸‡à¸²à¸™à¸šà¸²à¸‡à¹à¸«à¹ˆà¸‡à¸—à¸µà¹ˆà¹„à¸¡à¹ˆà¸¢à¸­à¸¡ work from home ",1259479690231689217,Teddy64091003,
2020-05-10 09:39:05+00:00,"When You Canâ€™t Jiu Jitsu Or Boxing Due To Social Distancing,You Skate... Vamanos Vatosâ€¦ https://www.instagram.com/p/CAAKIW_hSQ5/?igshid=ma8ki9g3saxy",1259417667754053634,skinheadloco,
2020-05-10 04:03:27+00:00,So surreal to watch a UFC fight & sports finally amidst this current situation of social distancing Strange quiet when thereâ€™s no crowd gets some getting used to #UFC249 Even #TheUltimateFighter has more crowd noise,1259333201455009793,jasonbigmachine,
2020-05-10 03:22:28+00:00,"Dear lockdowns, ever since you started I have not had any orgasm of any sort. You even reduce human touch, and introduce social distancing hence missing out on any happy moments with the boyfriend.",1259322887539814400,9d9m,
2020-05-10 02:04:05+00:00,High barriers again :) The latest guidelines defeats the premise of the open plan office; back to the old day of cubicles. Does the open plan concept have a future? What do you folks think? #covid19 #design #socialdistancing #4S,1259303164546707456,LawrenceChong_,
2020-05-09 15:39:23+00:00,Love this! Stay safe yaâ€™ll #SocialDistancing #StaySafe,1259145953950330880,dl_818,
2020-05-09 12:03:05+00:00,makan2 ada. Tapi makan asing2 boleh? Hahaha social distancing,1259091519912292352,AerzawaniAmir,
2020-05-09 11:56:59+00:00,dinner tonight!!! #crcheers #quircsingapore #homemademeals #safedistancing #covid19 #grilledseabass #socialdistancing #grilledveg @Evania https://www.instagram.com/p/B_91skXHySc/?igshid=187pm1b4e01ii,1259089983144628226,QUIRC_Singapore,
2020-05-09 10:58:17+00:00,MaternitÃ©. Bravo au gagnant de cette semaine du concours de photos de L'UFE Singapour Bien Vu ! #stayhome #staysafe #photographylovers #photography #socialdistancing #photographyislife #sgcircuitbreaker #exploresgâ€¦ https://www.instagram.com/p/B_9u-jUHwsH/?igshid=12e2qn9jgz7sl,1259075210382368770,ufe_singapour,
2020-05-09 09:33:46+00:00,lunch #crcheers #quircsingapore #adventuresofalifetime #safedistancing #covid19 #socialdistancing #prawnpasta @Sun Ray Cafe https://www.instagram.com/p/B_9lTSQHVbx/?igshid=b95e1tuv6j9l,1259053942983536640,QUIRC_Singapore,
2020-05-09 08:15:08+00:00,If it feels good to do something for the community.... volunteer to be social distancing officers or at the hospitals where they really need your help. Your talents will be appreciated there.,1259034155200860161,enzoticaaa,
2020-05-09 06:19:44+00:00,@BostonDynamics four legged spot robot patrols Bishan-Ang Mo Kio Park in Singapore to warn about social distancing. @anuraag_saxena @kaushikburman,1259005113089196032,himanshu2904,
2020-05-09 06:11:45+00:00,Social distancing â€“ at Marina Promenade,1259003104806100994,LewisGarrad,
2020-05-08 10:15:07+00:00,"Itâ€™s Motherâ€™s Day this Sunday! As we are all practicing social distancing and staying home, it will be a very different celebration this year. Despite all of these, it is not a reason to skip the celebration. Weâ€¦ https://www.instagram.com/p/B_7FPeNntT4/?igshid=11kygfj6fxs1y",1258701961022410753,LuxeSocietyAsia,
2020-05-08 03:45:26+00:00,social distancing parade,1258603892419391490,hoeriyono,
2020-05-07 10:07:40+00:00,"Whatâ€™s wrong? If you missed out the irony in the placement of the visuals, itâ€™s ok. I am happy to explain. Photo shows two obvious family members holding close, and thereâ€™s a warning sign advising people to adopt social distancing measures. Stay safe :)",1258337696914608129,theartofmezame,
2020-05-07 08:54:02+00:00,Murder on the dance floor ğŸ’– #imissmyfriends #archives #throwback #socialdistancing #imissmyfriends #4am #onceuponatime #singapore #crazypoorasianz #bachelorette #hens #summertimesadness #gaysians #YTG #tbt #isoâ€¦ https://www.instagram.com/p/B_4XKtJhXFO/?igshid=1fsdnz1xzon1q,1258319164885827585,annavuitton,
2020-05-07 06:53:51+00:00,"tp doi ga mau mba. kan ga mau kena corona. katanya jgn ditanggapin berlebihan,, cukup cuci tgn, pake masker n social distancing. lah itu kan rekomendasi WHO. dia ga setuju sama media n who tp ngikutin jga anjurannya. haha,, dia nyuruh org buat terinfeksi tp dianya sendiri ga mau",1258288920787210243,AmaliaPHanday,
2020-05-07 03:45:49+00:00,akala ko ba social distancing????? haha,1258241600955617280,glenn_gon,
2020-05-06 13:56:33+00:00,#circuitbreakingorange day 30 - reminder of a time before social distancing. #homemade #homecooked #friedcarrotcake #covid_19 #stayathome #stayhome #singapore #circuitbreakersg @At Home https://www.instagram.com/p/B_2U_Q0Fwi6/?igshid=mxno8bonax9z,1258032909270896640,hongruilee,
2020-05-06 13:07:15+00:00,ğŸŒâš¾ï¸ Wall Ball Wednesday! Throw. Wall. Leather. Repeat! #baseballcoach #youthbaseball #baseballyouth #youthcoach #positivecoaching #socialdistancing #discipline #wallball #wallballwednesday,1258020502720753665,thereidbaseball,
2020-05-06 06:40:32+00:00,Many days into #circuitbreaker and we still find a deserted wheelockplace very eerie at #lunchtime #covid19 #coronavirus #stayhomestaysafe #stayhome #mask #packinglunch #washyourhands #socialdistancing #sovereignâ€¦ https://www.instagram.com/p/B_1jF8DHej4/?igshid=1963h1ylbdv5d,1257923183128215552,bernardlim108,
2020-05-05 23:54:11+00:00,Lol now @rapplerdotcomâ€™s at it again with content na hindi pinag iisipan. Puta pwede bang Rappler ang mag sara?? Tatanga nito baka sabihin pa walang social distancing sa video na ito. I know this was sad but canâ€™t Rappler just keep this?! Puta another one for critics nanaman!,1257820922334994433,fafuierice,
2020-05-05 23:31:37+00:00,The social distancing on the bus and MRT is good I don't have to be near y'all stank ass ugly bitches,1257815243964600320,aubsy_daisy,
2020-05-05 10:38:16+00:00,"It will be a very different Motherâ€™s Day celebration this year, as scores of people need to stay home and practicing social distancing, majority thinking how to celebrate this once a year occasion. With the Circuitâ€¦ https://www.instagram.com/p/B_zZgN3HDfj/?igshid=1t923a2yd69x",1257620623242735621,LuxeSocietyAsia,
2020-05-04 16:39:38+00:00,"So - while a gloved and masked Darth Vader may be one of the most protected fictional characters from #COVID19, hopefully we #earthlings mark Star Wars day safely away from the pandemic!!! #SocialDistancing #MayThe4thBeWithYou #Singapore #MayThe4th #throwbackpic",1257349176792363019,dr_ashok0124,
2020-05-04 15:30:11+00:00,"We've reached the ""time for me to snake the drains"" phase of social distancing, if you're wondering how things are going here.",1257331696162107393,dwallbank,
2020-05-04 11:49:06+00:00,"Kata kuncinya: serius sejak awal kasus, langsung menutup penerbangan dari Wuhan, ketat melakukan tes suhu disemua pintu gerbang keluar masuk, dan social distancing. Sementara itu ada negara yang seharusnya bisa serius malah.... ",1257276060938330112,chaerulgintings,
2020-05-04 08:28:25+00:00,"Singapore doing the utmost best with contact tracing (everywhere you go), masks and social distancing measures. As laudable as it is blatantly futile, having been in a queue at the supermarket.",1257225557944627202,bladeluca,
2020-05-04 05:46:09+00:00,I can guarantee you that if there is a GF the social distancing rules will have magically been lifted by then,1257184722263801856,thebendingone,
2020-05-04 05:37:34+00:00,Salam Zohor kepada semua orang. Kecuali orang yang tak reti jaga social distancing dan berpusu-pusu shopping tak jaga jarak,1257182560708427776,byzulfadhlizin,
2020-05-03 20:55:38+00:00,The future of weekend parties ğŸ¥ƒ #QuaratineLife #party #SocialDistancing ,1257051210986602497,DannelGeorge,
2020-05-03 15:00:50+00:00,Social distancing if def the word for 2020 #Singapore @Clarke Quay https://www.instagram.com/p/B_ut92QjtA7OM8yCLuIJPWhpilumWShBcbMKEs0/?igshid=1op27fh37sx6a,1256961925772181505,s_nummelin,
2020-05-03 06:39:23+00:00,Comfortable and empty bus ride to load up our groceries and pack a sumptuous lunch from beerthaihouse_official who also practising social distancing. @pimster024 thanks for lunch treat #wfh #circuitbreaker #covid19â€¦ https://www.instagram.com/p/B_t0kzrHLHl/?igshid=1icx7icki8flb,1256835730535600129,bernardlim108,
2020-05-03 05:56:55+00:00,"Also you can always share the beef tendon you made with them. Social distancing? There's third party deliveries for that. Unless of course you like living the life like the film, Parasite.",1256825041007685634,hafanzeee,
2020-05-03 03:58:25+00:00,Heading to the park for a #socialdistancing walk - #bustravels #feetselfie #shoefie #asics #onitsukatiger @Singapore https://www.instagram.com/p/B_tiJ7xhy4N/?igshid=70cvx15laje7,1256795220378714113,colormebymyname,
2020-05-03 02:29:22+00:00,Part of list of circuit breaker activities. Manipulative therapies not allowed due to social distancing to prevent person to person infection.Acupuncture is invasive procedure. Tuina or massage is good for circulation. Herbs boost immunity. What do you think? ,1256772812200501249,LernHweiDo,
2020-05-02 18:42:24+00:00,Normal routine #pkp warming up engine.. tmr Start clean all the vehicle before they Start to work on monday.. yeah.. ğŸ‘ğŸ»ğŸ¤£ #covid19 #coronavirus #socialdistancing #kitajagakita #startwork #franzcarrental #carrentalâ€¦ https://www.instagram.com/p/B_sh-22B-Y7/?igshid=1dbk45yd3a2u,1256655292932272129,faliqfarhan,
2020-05-02 17:52:46+00:00,Social distancing applies lmao,1256642802466713601,basilyeo,
2020-05-02 14:26:56+00:00,"An attempt to enjoy jogging alone around the neighborhood , Stay safe and healthy. #May2nd2020 #SGUnited #marinabaysands #Saturday #circuitbreakersg #exercise #SocialDistancing #masksforall #merlion #singapore",1256591006436397056,dr_ashok0124,
2020-05-02 05:45:06+00:00,Weird Social Distancing Ideas. Protect yourself when going out! . . . #kuehkafe #sgunited #singaporetogether #socialdistancing #stayhomesg #comics #silly #funny #boredinthehouse,1256459681771302912,KuehKafe,
2020-05-02 02:59:56+00:00,The beauty of living on a tropical island. No #socialdistancing here. ğŸ¤ğŸ¦ğŸ§ The birds didn't quite get the memo. One rarely gets to see the natural side of #singaporeğŸ‡¸ğŸ‡¬ when on the road often. #stillajungle despite itâ€¦ https://www.instagram.com/p/B_q2lvyH0Gj/?igshid=1k8q6a3t7ljzk,1256418116571222018,chloechotv,
2020-05-02 02:41:34+00:00,Covid-19 CircuitBreaker CBDay26 Weekend early morning solo outback ride to view sunrise and mist...the air was so refreshing with morning dew grassland and clear skies. #wearmask #socialdistancing #staysafeâ€¦ https://www.instagram.com/p/B_q0kOhJpxi/?igshid=1xedoujzg9mc8,1256413494783684608,Saniroz,
2020-05-01 17:17:51+00:00,Rationale ng social distancing?? She reasoned with me saying that they were all wearing gloves and masks and they sat one seat apart in the car. KAHIT NA?! I said they should be ashamed of themselves for doing this because everybody is missing everybody and front liners are,1256271630088589312,fafuierice,
2020-05-01 17:17:51+00:00,"So pinagalitan ko yung nanay ko today dahil hindi sila nag ppractice ng social distancing responsibly. Pumunta siya sa S&amp;R kahapon kasama 5 kaibigan plus yung step father ko. Before this, my step father also went out with 2 other people. Parang, tangina?? Hindi ba kayo aware sa",1256271628549287937,fafuierice,
2020-05-01 13:41:46+00:00,"naalarm ako sa brazil. wala silang pake sa covid-19. economy is better than health daw. pistii. walang lockdown lockdown, walang social distancing, walang mask. may mass gatherings pa",1256217250094342146,cecortezo,
2020-05-01 13:04:13+00:00,"Bro, like how Singapore foreign dormitory infection rate is at a 5 digit level, it would be expected that authorities would follow KKM sop while conducting this operasi . Did you see the social distancing practised in the operation to nab them ? NIL",1256207801396805633,Sukhveer_Sandhu,
2020-05-01 08:36:02+00:00,Thanks to all our front lines. As SDA is not an easy job. Keep up the good job. We are so proud of you. #SocialDistancing #COVID__19 #Singaporean #giveback #community,1256140311740350464,SierraLimaOne,
2020-05-01 08:12:52+00:00,Social distancing sgt hahahah,1256134478872756224,fnbdrlsm_,
2020-05-01 06:48:04+00:00,nnt pg raya bole kot video call eh ramai2. social distancing katanya.,1256113138480513024,SaraaaaAbdullah,
2020-05-01 06:14:08+00:00,"segala premis patut maintain tutup, roadblock je tak pyah dah, boleh balik kampung, amalkan social distancing, yg ni yg terbaik, klo bukan untuk semua, untuk aku ğŸ˜…",1256104599032741889,zarif_jack,
